A00,A01,A02,A03,A04,A05,A06,A07,A08,A09,A10,A11,A12,A13,A14,A15,A16,A17,A18,A19,A20,A21,A22,A23,A24,A25,A26,A27,A28,A29,A30,A31,A32,A33,A34,A35,A36,A37,A38,A39,A40,A41,A42,A43,A44,A45,A46,A47,A48,A49,A50,A51,A52,A53,A54,A55,A56,A57,A58,A59,A60,A61,A62,A63,CEC,ESP,pH,paddock
-0.1085121107266436,0.18988935879362637,0.212560980819343,0.05066085693536674,-0.21413302575932336,-0.12033662266649577,0.2364902387970439,0.29952240591225604,0.0702088940151224,-0.007538980733905762,0.054693493955316336,0.018686829851766416,-0.017224144559784698,0.22892391815113847,-0.03657396727754282,-0.16425135631594692,-0.09519757358281004,0.1057029347686787,-0.07299756503908755,0.06258789354521765,-0.0768251527190397,0.11922935623050963,-0.0730249049510872,-0.018748344653765646,0.052048357469349396,-0.15450467768806872,-0.039574522619505316,-0.06487761117518903,-0.009924388055875945,-0.20620445127942247,-0.18310222563971124,-0.16851638258789356,-0.09579221666880261,-0.13657653039429282,0.07263531120509208,-0.02662223930966722,-0.12712375582041094,-0.006315519671921056,-0.011701482335853731,0.016650006407791875,-0.206963133837413,0.01740868896578239,-0.04100303302148746,-0.04499466017343756,0.21014823358537316,-0.13603656713229956,-0.08478106711094024,-0.11206629928659918,-0.009596309111880046,0.04872655816139091,0.20380537400145243,-0.059238754325259525,-0.18536460335768296,0.04841898415139477,-0.027025503011662177,-0.17279507881584008,-0.025234738775684565,-0.053456362937331796,-0.097521466102781,-0.10568926481267887,-0.014032209833824598,0.046013071895424834,0.08583365372292709,0.19067538126361658,5.9,2.527634487840825,4.57,HILLPDK
-0.1365765303942928,0.19293775898158827,0.2046187363834423,0.06843179973514461,-0.22145328719723184,-0.12646076295441924,0.23060532273911744,0.3091323849801359,0.06793284634115085,-0.0007860224699901748,0.062225639711222164,-0.03752402921953094,0.007415951129907301,0.19759921397753002,-0.06806954590114914,-0.1838472382417019,-0.07547866205305652,0.07778204963902774,-0.07585458584305184,0.07399547182707505,-0.10229911572472127,0.09469862018881628,-0.07646289888504422,-0.021161091887735486,0.042739117433465756,-0.13603656713229956,-0.04835063437139562,-0.050954760989363065,-0.0014285104019821436,-0.21575975052330304,-0.18533726344568327,-0.15449100773206886,-0.09203981374684951,-0.12892135503438848,0.046457345465419284,-0.013902345251826221,-0.13978213507625276,-0.005078388653936521,-0.017955487205775555,0.04524755435943441,-0.16502370882993722,-0.007648340381904396,-0.05958733820325516,-0.04758511683540519,0.2288965782391388,-0.15320603186808496,-0.07639454910504508,-0.1096877269426289,-0.035138621897560764,0.04526122431543424,0.1742577641078218,-0.07539664231705755,-0.1642240164039472,0.07783672946302705,-0.023929257977700884,-0.17645179204579436,-0.020757828185740526,-0.023006535947712417,-0.11257892263659275,-0.10063821607074203,0.01161262762185484,0.029185356059635174,0.12213422188047332,0.2045777265154428,6.2,2.2510518934081345,4.51,HILLPDK
-0.12104062540048699,0.2093348712033833,0.2272425135631595,0.05911572472126105,-0.2272425135631595,-0.13208594984834893,0.23902601563501216,0.28725362040240937,0.0787526165150156,-0.007867059677901663,0.04204194967747447,-0.014004869921824937,0.007060532273911743,0.19679952155154,-0.04904780212738691,-0.17282241872783974,-0.084241103848947,0.08733051390490838,-0.08689991029091376,0.05703105643128711,-0.09155453030885558,0.11733606732453329,-0.07778204963902774,-0.025877226707676535,0.034243239779571964,-0.1173087274125336,-0.053360673245332994,-0.0591430646332607,-0.024291511811696354,-0.22558844888718013,-0.1692067153658849,-0.1552086804220599,-0.0973437566747832,-0.12892135503438848,0.06258789354521765,-0.011557947797855525,-0.1276910589944039,-0.0003690888119953863,-0.0063701994959203725,0.04291682686146354,-0.18533726344568327,0.013840830449826992,-0.05500106796531248,-0.03851510102951856,0.2069357939254133,-0.16422401640394715,-0.09897731641676279,-0.11199794950660001,-0.015419710367807253,0.04275278738946559,0.1975445341535307,-0.06521252509718484,-0.15175701653210305,0.07299756503908755,-0.0294792601136315,-0.1614080054679824,-0.03203554188559956,-0.0358631295655517,-0.12274253492246572,-0.09523858345080953,0.00907685078388654,0.0408868383954889,0.10120551924473493,0.19525481652355936,5.6,2.616459627329193,4.48,HILLPDK
-0.10920244350463497,0.20221965910547227,0.21738647528728272,0.0604485454312444,-0.2214806271092315,-0.1510803537101115,0.2554914776368063,0.29101285830236234,0.084241103848947,-0.022890341321713872,0.058295527361271304,-0.015180486137810244,-0.035794779785552566,0.19446879405356915,-0.03684053141953948,-0.1656320218719296,-0.09199880387885001,0.07778204963902774,-0.07778204963902774,0.04456405655944294,-0.09788371993677646,0.09739843649878252,-0.07732410611303348,-0.018789354521765132,0.057058396343286764,-0.1430970994062113,-0.03322482805758468,-0.061822376009227215,-0.04306036139946174,-0.23731727113503354,-0.170642060745867,-0.15243367935409458,-0.10853945063864326,-0.10685121107266436,0.08987996069887651,-0.030135418001623306,-0.13208594984834898,-0.0014968601819812892,-0.01742235892178222,0.03354607202358067,-0.18914434619163567,0.012945448331838182,-0.05018924345337263,-0.04750309709940621,0.2014336366354821,-0.1510803537101115,-0.09572386688880347,-0.1339792387543253,0.01174249220385322,0.06572514844717843,0.19216540646759794,-0.054167200649322914,-0.16000000000000003,0.08679055064291513,-0.014476483403819046,-0.1720910760818489,-0.023539664231705757,-0.0604485454312444,-0.10627023794267162,-0.11257892263659275,-0.001592549873980093,0.02302020590371225,0.07161006450510489,0.21013456362937333,7.3,3.3472304943418707,4.58,HILLPDK
-0.10350207185270624,0.2093348712033833,0.21494638814131323,0.07779571959502757,-0.20774915630740312,-0.13979580503225258,0.2381853133410227,0.29572215814430347,0.07395446195907558,-0.010519031141868513,0.0647682515271904,-0.010341321713870734,-0.040927848263488394,0.19678585159554018,-0.03926694860950916,-0.16282968089196467,-0.08681789055491479,0.07252595155709345,-0.08221795036097229,0.035138621897560764,-0.09521124353880987,0.10130120893673372,-0.07923789995300953,-0.013683625955828956,0.0671126489811611,-0.15723866888803453,-0.03010807808962365,-0.06933401683113333,-0.024318851723696015,-0.22393438421120082,-0.1929104190695886,-0.14840104233414497,-0.102880088854714,-0.1102550301166218,0.07589559571105131,-0.027654320987654323,-0.12035029262249562,-0.001995813575975052,-0.03137938399760776,0.04488530052543893,-0.19139305395360762,0.00930240505788372,-0.05380494681532745,-0.04720919304540989,0.19445512409756935,-0.1411081208082362,-0.08575163398692812,-0.12959801785638003,0.009691998803878851,0.06093382886923832,0.19986159169550174,-0.05177495834935282,-0.1538006749540775,0.06614208210517322,-0.007737195095903284,-0.1944551240975693,-0.028330983809645865,-0.06655901576316801,-0.0958332265368021,-0.12335084796445812,0.002344397453970694,0.03256867016959289,0.08634627707292068,0.2173864752872827,7.0,5.192546583850931,4.55,HILLPDK
-0.08525268059293435,0.2045777265154428,0.21173394848135335,0.0630321671152121,-0.22145328719723184,-0.12581144004442738,0.24502029134093728,0.29572215814430347,0.08324319706095946,0.021653210303729336,0.055793925413302574,-0.006260839847921739,-0.00569353667392883,0.20221965910547227,-0.0193361527617583,-0.15792900166602594,-0.09149985048485626,0.06169934640522875,-0.08476739715494042,0.07394079200307575,-0.09356401384083046,0.09953094963475587,-0.07205433807509933,-0.018509120423768635,0.05213721218334829,-0.14116280063223546,-0.034468794053569146,-0.06886240334913923,-0.04057926438549275,-0.19986159169550174,-0.18012217523174845,-0.154477337776069,-0.11552479815455591,-0.1209175957964885,0.07972318339100345,-0.022035969071724552,-0.1320722798923491,-0.003936947327950788,-0.02094237259173822,0.02698449314366269,-0.19215173651159814,0.012897603485838783,-0.06927933700713401,-0.041959929941475495,0.22228031953522154,-0.14769703960015382,-0.07158272459310522,-0.11671408432654104,-0.027838865393652015,0.050968430945362894,0.1883583237216455,-0.05334700328933316,-0.16848904267589385,0.06977829040112778,-0.011161519073860482,-0.186082276047674,-0.0182562262377718,-0.04786535093340169,-0.09842368319876971,-0.11434918193857062,-0.029814174035627323,0.033546072023580675,0.08730317399290871,0.1929104190695886,7.8,2.9041248606466,4.6,HILLPDK
-0.09257977700884276,0.21013456362937333,0.21013456362937333,0.06301849715921226,-0.2288965782391388,-0.1365491904822932,0.24675637575291556,0.29383570421632704,0.08171899696697853,0.028604382929642444,0.044905805459438675,-0.006541073945918237,-0.009849203297876884,0.20066128412149176,-0.014729377589815882,-0.1430560895382118,-0.09093254731086335,0.06927933700713401,-0.09093254731086337,0.07635353923704559,-0.09360502370882995,0.0973437566747832,-0.07635353923704559,-0.024715280447691057,0.05259515570934256,-0.13913281216626086,-0.029226365927634668,-0.06390704429920116,-0.03784527318552693,-0.2045777265154428,-0.18165321030372933,-0.15378700499807765,-0.11849801358451874,-0.1339792387543253,0.08073476013499083,-0.009746678627878164,-0.11493015506856336,0.00013669955999829134,-0.002125678157973429,0.038528770985518386,-0.19064804135161692,0.032609680037592376,-0.07778204963902774,-0.03582211969755222,0.2356221965910547,-0.14570806100217867,-0.0827442436669657,-0.11141697637660727,-0.02408646247169892,0.04919817164338502,0.18161220043572984,-0.06883506343713958,-0.15243367935409458,0.06389337434320133,-0.018276731171771542,-0.17937716262975778,-0.03192618223760092,-0.04751676705540605,-0.1023127856807211,-0.0962638301507967,-0.023450809517706863,0.029670639497629117,0.09419966679482251,0.19140672390960742,6.0,2.3043478260869565,4.64,HILLPDK
-0.07492502883506344,0.20696313383741297,0.19599982912555003,0.06432397795719595,-0.23394079200307571,-0.13529155453030886,0.2519646289888504,0.2947720962023153,0.06883506343713958,0.0275039514716562,0.047222863001409716,0.004832329445939596,-0.009883378187876456,0.20300568157546245,-0.0172241445597847,-0.1430834294502115,-0.09148618052885643,0.06444700756119441,-0.0973437566747832,0.0857926438549276,-0.09303772053483704,0.10401469520269982,-0.0763535392370456,-0.02649237472766884,0.045691827929428844,-0.13335725575633306,-0.029445085223631935,-0.06790550642915119,-0.02686146353966423,-0.19599982912555003,-0.17950019223375627,-0.16779870989790252,-0.12152590883848093,-0.12581144004442738,0.07441240548506986,-0.006602588747917467,-0.11974197958050323,-0.02427784185569653,-0.0020368234439745395,0.026000256311674998,-0.1823845529497202,0.021249946601734376,-0.07832201290102098,-0.029034986543637058,0.24076210004699045,-0.13990516468025121,-0.08626425733692171,-0.11552479815455591,-0.03710709556153616,0.051159810329360504,0.1684890426758939,-0.07299756503908755,-0.1504173608441198,0.06305950702721176,-0.018768849587765393,-0.1838472382417019,-0.03610235379554873,-0.04563714810542954,-0.1149985048485625,-0.09953094963475587,-0.023601179033704987,0.020436584219744546,0.1156478277585544,0.19759921397753002,6.4,3.2201086956521734,4.52,HILLPDK
-0.10465034815669189,0.2014336366354821,0.20151565637148108,0.054611474219317356,-0.22396172412320048,-0.12767738903840403,0.24331154684095863,0.29952240591225604,0.07541031227305738,-0.010867615019864156,0.04020334059549745,0.010819770173864754,-0.00788072963390149,0.21657311290529288,-0.016028023409799648,-0.15794267162202572,-0.0867768806869153,0.09203981374684951,-0.07685249263103937,0.07161006450510489,-0.0848084070229399,0.11611944124054847,-0.09418599683882269,-0.037120765517535986,0.03214490153359819,-0.1526113887820924,-0.036785851595540174,-0.0726489811610919,-0.02497500961168781,-0.20696313383741297,-0.17352642146183095,-0.17791447733777607,-0.10400102524669999,-0.13207227989234913,0.07779571959502757,-0.01697125037378786,-0.1252167969584348,0.014134734503823318,0.005611516937929856,0.03106497500961168,-0.19761288393352988,0.0306480413516169,-0.04947840574138152,-0.03231577598359606,0.2182271775812722,-0.1404724678542441,-0.08629159724892137,-0.10686488102866419,-0.019479687299756507,0.04134478192148319,0.17870049980776626,-0.06353112050920585,-0.17065573070186682,0.055404331667307447,-0.02519372890768508,-0.17718313469178523,-0.024366696569695416,-0.05314878892733564,-0.09094621726686318,-0.10008458285274896,-0.027948225041650645,0.033211158101584856,0.08376949036695289,0.17572044939980352,5.0,8.660869565217391,4.38,HILLPDK
-0.1001119227647486,0.1975445341535307,0.20614977145542313,0.0570720662992866,-0.22393438421120082,-0.1126062625485924,0.23988038788500152,0.2928856422743389,0.0787526165150156,-0.022876671365714044,0.05793327352727583,0.01306164295783673,-0.023170575419710366,0.21173394848135332,-0.025856721773676792,-0.1656593617839293,-0.09519757358281004,0.08577897389892777,-0.06973728053312828,0.06260156350121747,-0.08271690375496604,0.11317356572258531,-0.07395446195907558,-0.03612969370754838,0.05262249562134222,-0.13913281216626086,-0.03196719210560041,-0.0683771199111453,-0.024981844589687725,-0.21173394848135335,-0.1831022256397112,-0.16281601093596482,-0.11212097911059847,-0.13334358580033323,0.08472638728694093,-0.031126489811610918,-0.12708274595241148,-0.002754496133965569,-0.01605536332179931,0.02228886325772139,-0.19293775898158827,0.019602716903754966,-0.04616344141142295,-0.0501755734973728,0.21577342047930287,-0.14706138664616175,-0.08124738348498442,-0.11971463966850354,-0.004114656755948568,0.05754367978128071,0.20457772651544281,-0.06793284634115085,-0.17791447733777607,0.06791917638515102,-0.013895510273826307,-0.17794181724977573,-0.031099149899611253,-0.04414712290144815,-0.089920970566876,-0.09575120680080312,-0.008741936861890724,0.038111837327523594,0.09209449357084883,0.19757187406553037,6.0,2.7318840579710146,4.65,HILLPDK
-0.10741851424665727,0.20221965910547227,0.20536374898543297,0.058281857405271476,-0.21494638814131323,-0.12456747404844293,0.2381989832970225,0.28725362040240937,0.07395446195907558,-0.01265837925584177,0.04339527532145756,0.00025289418599683884,-0.03350506215558118,0.20221965910547227,-0.03586312956555171,-0.17279507881584008,-0.10065188602674185,0.07346917852108165,-0.07163740441710453,0.056224529027297195,-0.0867768806869153,0.11318723567858514,-0.07828100303302149,-0.02572685719167841,0.06747490281515657,-0.13334358580033323,-0.03812550728352343,-0.07113845102311078,-0.031939852193600744,-0.22558844888718013,-0.18013584518774828,-0.1470340467341621,-0.09356401384083046,-0.11552479815455591,0.0867768806869153,-0.037496689307531285,-0.13334358580033323,-0.0067461232859156745,-0.012309795377846128,0.03256867016959289,-0.18535093340168313,0.03045666196761929,-0.04982698961937717,-0.0545841343073177,0.21413302575932336,-0.15516767055406042,-0.08271690375496604,-0.12397283096245035,-0.0030552351659618093,0.06666837541116664,0.21173394848135338,-0.06521252509718484,-0.18086718783373915,0.05914306463326072,-0.013868170361826648,-0.18161220043572981,-0.01710111495578624,-0.046347985817420646,-0.09518390362681022,-0.10229911572472127,-0.012323465333845957,0.04202827972147465,0.09680379341278995,0.21494638814131323,8.5,5.57544757033248,4.73,HILLPDK
-0.1138092186765774,0.2045777265154428,0.20064761416549193,0.06305950702721176,-0.21494638814131323,-0.11794438036652569,0.24158913238498014,0.29572215814430347,0.08122004357298476,0.0045110854799436115,0.04750309709940621,-0.0005878081079926524,-0.019240463069759496,0.20221965910547227,-0.049047802127386894,-0.171359733435858,-0.09899098637276262,0.07927890982100903,-0.0837284804989534,0.06436498782519545,-0.08478106711094026,0.10232645563672091,-0.07632619932504595,-0.020689478405741382,0.06266991328121663,-0.13334358580033323,-0.029185356059635174,-0.07301123499508738,-0.01857747020376778,-0.21740014524328252,-0.1794181724977573,-0.1378341663462771,-0.08987996069887651,-0.12395916100645055,0.08076210004699048,-0.034188559955572635,-0.12644709299841944,-0.022090648895723868,-0.015406040411807424,0.03779059336152761,-0.1845922508436926,0.03239779571959502,-0.052567815797342904,-0.056210859071297366,0.21254731086334322,-0.1510803537101115,-0.0867768806869153,-0.12459481396044257,-0.012002221367849973,0.06272459310521594,0.2093348712033833,-0.06256055363321798,-0.17937716262975778,0.06303216711521209,-0.016650006407791875,-0.1898893587936264,-0.013895510273826307,-0.05377760690332778,-0.08679055064291513,-0.11083600324661454,0.006226664957922167,0.04237686359947029,0.10344739202870691,0.21333333333333337,6.2,5.35063113604488,4.62,HILLPDK
-0.10632491776667094,0.23143235507710708,0.1952274766115597,0.03314964329958563,-0.22641548122516986,-0.12894869494638816,0.2450339612969371,0.2947720962023153,0.08171899696697853,0.016055363321799306,0.043798539023452515,-0.010293476867871333,-0.017859797513776754,0.21253364090734336,-0.02555598274168055,-0.15243367935409458,-0.08229997009697126,0.06389337434320133,-0.10120551924473492,0.061877055833226544,-0.09041992396086976,0.0962638301507967,-0.0797368533470033,-0.008379683027895254,0.05895852022726303,-0.16422401640394715,-0.03612969370754838,-0.06000427186124994,-0.019028578751762143,-0.20066128412149176,-0.16920671536588494,-0.15378700499807765,-0.11611944124054847,-0.11849801358451874,0.08530736041693367,-0.025610662565679867,-0.1272331154684096,-0.004162501601947969,-0.01740868896578239,0.039143919005510695,-0.19448246400956898,0.020997052415737537,-0.06521252509718484,-0.026957153231663034,0.20536374898543297,-0.1378341663462771,-0.0857926438549276,-0.1173087274125336,-0.009186210431885174,0.03578110982955274,0.19064804135161692,-0.053347003289333166,-0.16143534537998205,0.06701695928916229,-0.002043658421974454,-0.19063437139561706,-0.022780981673715242,-0.06482293135118972,-0.09095988722286301,-0.11502584476056217,-0.017039600153787006,0.04174804562347815,0.10175915246272801,0.1975445341535307,7.9,6.604292790313703,4.77,HILLPDK
-0.12829937203639627,0.1975445341535307,0.2165731129052929,0.07442607544106969,-0.21901320005126237,-0.1339792387543253,0.2347814942970652,0.31596052800205054,0.06794651629715068,-0.016971250373787862,0.04941005596138237,-0.020334059549745823,-0.0048254944679396805,0.1929104190695886,-0.0506881968473664,-0.17135973343585803,-0.08525268059293435,0.08679055064291513,-0.08375582041095306,0.05145371438335683,-0.09410397710282371,0.07445341535306935,-0.0827442436669657,-0.026355675167670553,0.043812208979452344,-0.1378341663462771,-0.034872057755564095,-0.0666000256311675,-0.03847409116151907,-0.22145328719723184,-0.18761331111965485,-0.16636336451792047,-0.08688624033491393,-0.12459481396044257,0.07549233200905636,-0.012952283309838096,-0.12831304199239607,-0.013977530009825283,-0.01401853987782477,0.05298474945533769,-0.18165321030372933,0.03293092400358836,-0.06747490281515657,-0.03611602375154855,0.2045777265154428,-0.16426502627194667,-0.09309240035883636,-0.13146396685035672,-0.0053039429279337,0.044523046691443455,0.20300568157546245,-0.058281857405271476,-0.17210474603784867,0.07163740441710455,-0.003786577811952668,-0.18161220043572981,-0.03227476611559657,-0.021263616557734205,-0.11436285189457045,-0.09145884061685677,0.02747661155965654,0.02472211542569097,0.09472596010081594,0.21336067324533303,5.2,0.9782608695652173,4.44,HILLPDK
-0.09314708018283567,0.210961595967363,0.22477508650519035,0.06703062924516212,-0.22310735187321118,-0.12231193130847112,0.2652860011106839,0.30242727156221966,0.07685249263103937,-0.019042248707761975,0.05029860310137127,-0.025063864325686705,-0.007709855183903628,0.2046324063394421,-0.029028151565637143,-0.16853005254389336,-0.08993464052287582,0.05742748515528215,-0.07976419325900296,0.06930667691913367,-0.09853304284676835,0.09146567559485669,-0.08738519372890768,-0.026116450937673546,0.022480242641718995,-0.12459481396044257,-0.032609680037592376,-0.06483660130718955,-0.03983425178350206,-0.2272425135631595,-0.1779281472937759,-0.16140800546798242,-0.13342560553633215,-0.12711008586441114,0.09094621726686318,-0.018570635225767868,-0.13533256439830835,0.013840830449826988,-0.05526079712930924,0.040217010551497276,-0.19525481652355936,-0.001640394719979495,-0.057044726387286936,-0.02691614336366355,0.22158998675723013,-0.14109445085223635,-0.10855312059464309,-0.11383655858857705,-0.013806655559827416,0.04245888333546926,0.17576145926780298,-0.05705839634328677,-0.15797001153402535,0.08046819599299417,-0.01517365115981033,-0.18012217523174845,-0.02077833311974027,-0.0336075868255799,-0.09900465632876244,-0.10463667820069203,0.012911273441838608,0.01075825537186552,0.07589559571105133,0.1868546285616643,3.6,1.328502415458937,4.31,HILLPDK
-0.11376820880857788,0.208562518689393,0.21013456362937333,0.08173266692297836,-0.21575975052330307,-0.12769105899440383,0.2373446110470332,0.2900627963603742,0.08221795036097229,-0.0033354692639583064,0.05997693194925028,-0.018748344653765646,-0.03777692340552778,0.19987526165150157,-0.045274894271434066,-0.16422401640394715,-0.0919851339228502,0.08223162031697212,-0.08421376393694734,0.050230253321372126,-0.09737109658678286,0.10398735529070016,-0.08029048656499639,-0.017381349053782733,0.06311418685121106,-0.14570806100217865,-0.04066128412149173,-0.058726130975265925,-0.022890341321713872,-0.23817164338502284,-0.16782604980990215,-0.14769703960015382,-0.08731684394890855,-0.11315989576658549,0.08328420692895896,-0.02837199367764535,-0.12397283096245035,-0.004394890853945064,-0.01565209961980435,0.027729505745653377,-0.19372378145157845,0.02636934512367038,-0.0467512495194156,-0.05787859370327651,0.2093348712033833,-0.1579426716220257,-0.09145884061685677,-0.12091759579648853,0.006042120551924473,0.06530821478918364,0.20614977145542313,-0.05419454056132257,-0.17135973343585803,0.0725532914690931,-0.011182024007860225,-0.17937716262975778,-0.011913366653851084,-0.06390704429920116,-0.10343372207270708,-0.1197283096245034,0.0028775257379640307,0.03813917723952325,0.08631893716092102,0.21013456362937333,6.7,8.695652173913043,4.58,HILLPDK
-0.10177282241872784,0.19599982912555003,0.21333333333333337,0.07163740441710455,-0.22228031953522154,-0.14108078089623652,0.2476244179589047,0.28725362040240937,0.08575163398692812,-0.021502840787731216,0.05216455209534795,-0.011701482335853731,-0.03679952155154001,0.19677218163954036,-0.05138536460335769,-0.16422401640394715,-0.0930650604468367,0.06927933700713401,-0.07159639454910506,0.04567815797342903,-0.0867768806869153,0.1102550301166218,-0.07876628647101544,-0.029588619761630137,0.07115212097911061,-0.1384971592122688,-0.02363535392370456,-0.055376991755307796,-0.03513862189756077,-0.23649023879704384,-0.17572044939980352,-0.15378700499807765,-0.10342005211670725,-0.11199794950660001,0.08733051390490837,-0.03414755008757316,-0.13784783630227693,-0.0010389166559870134,-0.014524328249818447,0.02663590926566705,-0.19292408902558847,0.023956597889700542,-0.03992310649750096,-0.051426374471357165,0.21093425605536334,-0.15177068648810288,-0.08780212738690248,-0.12892135503438848,0.0042718612499466025,0.06433764791319578,0.20774915630740315,-0.059573668247255324,-0.16564569182792946,0.06975095048912812,-0.008769276773890384,-0.17645179204579436,-0.02095604254773805,-0.051467384339356666,-0.11315989576658549,-0.10342005211670725,0.0028706907599641163,0.036785851595540174,0.08024947669699689,0.2125336409073434,7.0,4.198757763975155,4.57,HILLPDK
-0.11317356572258531,0.19368277158357897,0.2280968858131488,0.07163740441710455,-0.22393438421120082,-0.138483489256269,0.24591567345892607,0.28725362040240937,0.08024947669699689,-0.019534367123755822,0.06083813917723951,0.0024264171899696695,-0.025385108291682685,0.20774915630740312,-0.041467811525481645,-0.15654833611004315,-0.0962638301507967,0.08428211371694648,-0.08221795036097229,0.05832286727327096,-0.0832568670169593,0.11790337049852617,-0.06929300696313385,-0.017668418129779144,0.05661412277329233,-0.138483489256269,-0.02603443120167457,-0.04793370071340083,-0.028064419667649197,-0.22230765944722114,-0.18390191806570122,-0.15867401426801658,-0.11026870007262163,-0.12896236490238797,0.07972318339100345,-0.032452475543594345,-0.11257892263659275,0.0018591140159767612,-0.021475500875731558,0.0369362211115383,-0.20616344141142295,0.01387500533982656,-0.035138621897560764,-0.05709940621128626,0.1952411465675595,-0.14972702806612842,-0.0958332265368021,-0.1203366226664958,0.0035746934939553158,0.06435131786919561,0.20614977145542313,-0.06044854543124439,-0.15792900166602591,0.06046221538724423,-0.006028450595924644,-0.16705369729591182,-0.02984151394762698,-0.04524755435943441,-0.10177282241872783,-0.10398735529070016,0.008249818445896877,0.0405519244734931,0.07972318339100345,0.20459139647144264,5.8,1.694152923538231,4.58,HILLPDK
-0.10510829168268615,0.19139305395360762,0.21333333333333337,0.07066683754111668,-0.2125336409073434,-0.13719851339228506,0.24073476013499084,0.30146353966423173,0.07732410611303348,-0.022254688367721813,0.055793925413302574,-0.013724635823828442,-0.0069306676919133675,0.20380537400145243,-0.019841941133751973,-0.14049980776624374,-0.09629117006279636,0.084241103848947,-0.07394079200307575,0.05500106796531248,-0.10063821607074203,0.10175915246272801,-0.056668802597291644,-0.0214481609637319,0.06529454483318382,-0.13527788457430903,-0.027729505745653377,-0.05582126532530223,-0.03360075184757999,-0.22229398949122134,-0.1816395403477295,-0.16848904267589385,-0.09788371993677646,-0.11557947797855525,0.08422743389294716,-0.01857747020376778,-0.09251142722884362,-0.0031850997479601867,-0.009774018539877824,0.04416079285744798,-0.19446879405356915,0.017354009141783075,-0.055404331667307447,-0.0558075953693024,0.20459139647144262,-0.16143534537998205,-0.10285274894271434,-0.11083600324661454,0.008393352983895081,0.06976462044512795,0.20143363663548208,-0.05999060190525011,-0.16000000000000003,0.06433764791319578,-0.015262505873809217,-0.16422401640394715,-0.040203340595497454,-0.04127643214148404,-0.1102550301166218,-0.09253876714084328,0.01601435345379982,0.03319748814558502,0.08938100730488276,0.2288965782391388,5.4,1.6264090177133654,4.42,HILLPDK
-0.11911999658251099,0.2037917040454526,0.21982656243325222,0.06132342261523346,-0.23057798282711778,-0.12892135503438848,0.24415224913494812,0.28444444444444444,0.07976419325900296,-0.0028228459139647143,0.037804263317527446,-0.010108932461873638,-0.0016130548079798367,0.21413302575932336,-0.036170703575547865,-0.170642060745867,-0.08321585714895981,0.08523901063693452,-0.07491135887906361,0.06975095048912812,-0.08078943995899016,0.11611944124054847,-0.06929300696313384,-0.024100132427698748,0.0409278482634884,-0.12834038190439578,-0.03915758896151053,-0.04673757956341578,-0.004558930325943014,-0.21494638814131323,-0.17645179204579436,-0.170642060745867,-0.1085121107266436,-0.13016532103037293,0.07491135887906361,-0.019705241573753685,-0.12892135503438848,-0.006185655089922679,-0.006568413857917894,0.045985731983425183,-0.19140672390960745,0.016875560681789057,-0.07205433807509934,-0.028009739843649874,0.22393438421120082,-0.15654833611004315,-0.09842368319876971,-0.09953094963475587,-0.0084958776538938,0.03649194754154385,0.18835832372164552,-0.06169934640522875,-0.14837370242214534,0.07022256397112223,-0.0271280276816609,-0.16633602460592078,-0.03228843607159639,-0.041611346063479854,-0.10340638216070744,-0.09202614379084968,0.01475671750181554,0.054194540561322564,0.11199794950660001,0.18835832372164552,5.2,3.311036789297659,4.47,HILLPDK
-0.06626511170917168,0.18401127771369985,0.21575975052330307,0.04902046221538725,-0.22310735187321118,-0.12032295271049594,0.2572549019607842,0.30720492118415993,0.06353112050920587,-0.009787688495877654,0.055301806997308724,-0.0030757400999615525,0.004640950061941988,0.22641548122516986,-0.01855013029176812,-0.16000000000000003,-0.09788371993677646,0.07360587808107993,-0.06569780853517877,0.08221795036097229,-0.09422700670682217,0.09475330001281558,-0.08733051390490837,-0.023881413131701484,0.03028578751762143,-0.14001452432824982,-0.052191892007347605,-0.06256055363321798,-0.01784612755777692,-0.21173394848135338,-0.17940450254175747,-0.17645179204579436,-0.12406852065444912,-0.1372942030842838,0.05930710410525866,-0.02051860395574352,-0.13219530949634756,-0.001455850313981802,-0.017203639625784955,0.04216497928147293,-0.1983442265795207,0.027360416933657997,-0.0647682515271904,-0.034161220043572985,0.24511598103293603,-0.14308342945021146,-0.09260711692084242,-0.11087701311461402,-0.019042248707761972,0.024708445469691143,0.18835832372164557,-0.07683882267503954,-0.1670810372079115,0.06487761117518903,-0.02658122944166773,-0.16992438805587595,-0.02331410995770857,-0.035206971677559915,-0.10794480755265068,-0.07689350249903885,-0.013225682429834677,0.0427117775214661,0.09203981374684951,0.18016318509974794,6.1,3.114754098360656,4.45,HILLPDK
-0.07120680080310993,0.20148831645948143,0.20300568157546245,0.08651031654491864,-0.20301935153146228,-0.13784783630227693,0.25112392669486094,0.2919765902003503,0.08575163398692812,0.01816737152377291,0.03556922551155538,0.009411764705882352,0.015118971335811011,0.21173394848135338,-0.0007791874919902601,-0.12036396257849542,-0.09629117006279636,0.09799307958477509,-0.12153957879448075,0.07395446195907558,-0.053121449015335984,0.09961296937075484,-0.0909462172668632,-0.02226152334572173,0.017265154427784184,-0.12959801785638003,-0.048644538425391945,-0.06258789354521764,0.0161920628817976,-0.2288965782391388,-0.1670536972959118,-0.16071767268999107,-0.12458114400444274,-0.15654833611004315,0.05457046435131788,0.00019137938399760773,-0.1051356315946858,0.011523772907855953,-0.01665684138579179,0.045609808193429885,-0.1845922508436926,0.0029868853859626636,-0.07165107437310438,-0.016069033277799138,0.2322730573710966,-0.13653552052629336,-0.1320722798923491,-0.10624289803067195,-0.026622239309667214,0.058739800931265754,0.20381904395745223,-0.06314152676321073,-0.15516767055406042,0.05802896321927464,-0.01433294886582084,-0.1728224187278397,-0.05342902302533214,-0.020935537613738307,-0.12705540604041182,-0.1197419795805032,-0.0032261096159596735,0.042684437609466434,0.0867768806869153,0.20933487120338332,8.0,2.5,4.61,HILLPDK
-0.08835576060489556,0.20536374898543294,0.21496005809731306,0.0674885727711564,-0.2165731129052929,-0.13081464394036482,0.24415224913494812,0.2789081122645137,0.0914725105728566,0.021031227305737105,0.03813917723952325,0.0010730915459865864,0.00850954760989363,0.2077354863514033,-0.007149386987910634,-0.12646076295441924,-0.10852578068264343,0.08789781707890129,-0.10286641889871417,0.06698961937716265,-0.057044726387286936,0.10970139689862873,-0.08575163398692812,-0.023888248109701398,0.022999700969712503,-0.12395916100645052,-0.06703062924516212,-0.06000427186124994,0.025262078687684222,-0.2347814942970652,-0.1477653893801529,-0.15248835917809392,-0.10513563159468581,-0.1510803537101115,0.04513135973343585,0.004654620017941817,-0.10795847750865052,0.022323038147720964,-0.0061104703319236195,0.036840531419539496,-0.19677218163954036,0.00867358708189158,-0.06083813917723952,-0.02980050407962749,0.23817164338502284,-0.15109402366611133,-0.1359135375283011,-0.09314708018283567,-0.03520697167755991,0.07115212097911061,0.18759964116365502,-0.059546328335255666,-0.14371908240420353,0.06304583707121193,-0.019971805715750354,-0.16564569182792943,-0.03679952155154,-0.04059293434149258,-0.13978213507625276,-0.11732239736853346,-0.007614165491904821,0.05137169464735786,0.0772967662010338,0.19908923918151142,6.1,1.3756236635780472,4.49,HILLPDK
-0.10076124567474048,0.21497372805331286,0.19522747661155967,0.052554145841343075,-0.1990892391815114,-0.09737109658678286,0.24850613012089365,0.28167627835447906,0.09955828954675554,0.03847409116151907,0.032609680037592376,-0.01546072023580674,0.02806441966764919,0.22063992481524203,-0.0510231107693622,-0.15181169635610237,-0.09842368319876971,0.1114306463326071,-0.09572386688880347,0.07736511598103296,-0.060058951685249266,0.1411081208082362,-0.09518390362681022,-0.05623819898329702,0.005010038873937374,-0.13863385877226708,-0.06128241274723397,-0.05623819898329702,0.01788713742577641,-0.21498739800931269,-0.12834038190439576,-0.14373275236020336,-0.12278354479046522,-0.15315135204408564,0.03399034559357512,0.015194156093810076,-0.13402024862232478,0.03545986586355675,-0.008885471399888932,0.03016275791362297,-0.18086718783373917,-0.008372848049895338,-0.06404374385919948,-0.011031654491862105,0.23821265325302232,-0.12397283096245035,-0.109120423768636,-0.09307873040283651,-0.05376393694732795,0.0626562433252168,0.18161220043572984,-0.04979964970737751,-0.14704771669016192,0.06014097142124824,-0.040258020419496776,-0.1838472382417019,-0.024544405997693197,-0.047516767055406035,-0.11674142423854075,-0.13653552052629336,-0.026608569353667386,0.05177495834935281,0.09572386688880347,0.18835832372164557,7.6,8.409610983981693,4.48,HILLPDK
-0.08989363065487634,0.2174821649792815,0.1944961339655688,0.04982698961937716,-0.2037917040454526,-0.0938647528728267,0.24948353197488146,0.2697902516126277,0.08430945362894615,0.046361655773420475,0.02699816309966252,0.006329189627920884,0.006254004869921824,0.22068093468324151,-0.018461275577769234,-0.1551676705540604,-0.10234012559272075,0.13084198385236448,-0.11909265667051133,0.09796573967277543,-0.047851680977401854,0.11689179375453884,-0.08444615318894444,-0.05338801315733266,0.031406723909607415,-0.1470887265581614,-0.047585116835405186,-0.07643555897304458,0.03716177538553547,-0.19604083899354952,-0.16079969242599,-0.1470887265581614,-0.12767738903840403,-0.16288436071596396,0.025262078687684226,0.005310777905933615,-0.12032295271049594,0.016472296979794097,-0.0161442180357982,0.0074843009099064455,-0.21497372805331286,-0.007826049809902175,-0.08835576060489556,-0.024660600623691742,0.22065359477124188,-0.11376820880857788,-0.0919851339228502,-0.1114306463326071,-0.034174889999572806,0.06713998889316077,0.19758554402153017,-0.08523901063693452,-0.16563202187192955,0.04200093980947498,-0.029328890597633384,-0.19371011149557862,-0.03813917723952325,-0.04694262890341321,-0.07588192575505148,-0.12644709299841939,-0.022760476739715492,0.056709812465291116,0.11434918193857062,0.18537827331368276,8.6,6.774519716885743,4.76,HILLPDK
-0.07056431287111795,0.17803750694177453,0.18762698107565468,0.074480755265069,-0.1929104190695886,-0.1167277542825409,0.2608227604767397,0.2789081122645137,0.08835576060489556,0.01287709855183904,0.036949891067538126,0.010819770173864754,0.0028570208039642876,0.22310735187321118,-0.008714596949891067,-0.1372121833482849,-0.1114306463326071,0.11201161946259984,-0.12274253492246573,0.07930624973300869,-0.04865820838139177,0.09847836302276902,-0.08885471399888932,-0.03828954675552138,0.005256098081934298,-0.13527788457430903,-0.056655132641291815,-0.05960100815925498,0.013485411593831431,-0.21901320005126237,-0.16356102353795554,-0.16140800546798242,-0.12708274595241148,-0.15040369088811997,0.026089111025673885,0.00024605920799692423,-0.11147165620060659,0.00852321756589346,-0.01721047460378487,0.0275039514716562,-0.19445512409756935,-0.005249263103934384,-0.06937502669913281,-0.03779059336152761,0.24329787688495882,-0.13082831389636465,-0.1321269597163484,-0.10856679055064292,-0.02228886325772139,0.07681148276303987,0.19911657909351105,-0.060516895211243545,-0.154477337776069,0.04416079285744798,-0.02613695587167329,-0.16848904267589387,-0.04609509163142381,-0.03965654235550429,-0.125838779956427,-0.10067922593874151,0.004162501601947969,0.049006792259387415,0.07736511598103296,0.2014336366354821,5.7,1.1899313501144166,4.63,HILLPDK
-0.09376906318082788,0.19609551881754883,0.20459139647144262,0.056668802597291644,-0.20617711136742278,-0.11376820880857788,0.2725447477465932,0.28444444444444444,0.08371481054295357,0.03554188559955573,0.028905121961638677,0.02120893673373489,0.015289845785808878,0.2085351787773933,0.005556837113930539,-0.14308342945021146,-0.10285274894271434,0.119119996582511,-0.10458199837669271,0.08731684394890854,-0.04903413217138708,0.09842368319876971,-0.09684480328078944,-0.03305395360758682,0.016294587551796316,-0.15175701653210305,-0.05661412277329233,-0.06256055363321798,0.03612969370754838,-0.212560980819343,-0.17722414455978472,-0.15656200606604298,-0.10516297150668547,-0.16216668802597292,0.023033875859712078,-0.0017224144559784696,-0.10682387116066469,-0.003226109615959674,-0.0041556666239480535,0.02561066256567986,-0.21173394848135338,0.0027886710239651414,-0.06886240334913923,-0.04638899568542013,0.2288965782391388,-0.13016532103037293,-0.1120389593745995,-0.10910675381263615,-0.028775257379640304,0.06544491434918193,0.2085351787773933,-0.06310051689521123,-0.16216668802597292,0.044967320261437904,-0.015392370455807595,-0.18390191806570122,-0.04414712290144815,-0.037257465077534274,-0.10065188602674185,-0.12155324875048056,-0.013881840317826478,0.041973599897475324,0.10456832842069289,0.17940450254175747,7.2,2.8864734299516903,4.77,HILLPDK
-0.09637318979879533,0.19995728138750055,0.19987526165150157,0.05552736127130591,-0.2109342560553633,-0.12279721474646504,0.255518817548806,0.29952240591225604,0.08221795036097229,-0.0022076978939724033,0.03823486693152205,0.008933316245888332,0.013355547011833056,0.19835789653552052,-0.0258635567516767,-0.1593370071340083,-0.09206715365884917,0.1074321842026571,-0.11911999658251099,0.09158187022085523,-0.0647682515271904,0.1144312016745696,-0.09303772053483704,-0.03508394207356145,0.004948524071938144,-0.15946003673800677,-0.051187150241360155,-0.06843179973514461,0.011906531675851168,-0.210961595967363,-0.1572386688880345,-0.15516767055406042,-0.11978298944850269,-0.15729334871203385,0.04646418044341919,-0.023061215771711732,-0.1334256055363322,0.0084480328078944,-0.025596992609680038,0.0375513691315306,-0.19371011149557862,0.010437011405869537,-0.0617676961852279,-0.030784740911615188,0.22645649109316932,-0.12894869494638816,-0.10178649237472766,-0.10568926481267887,-0.01787346746977658,0.0444957067794438,0.17498910675381266,-0.06092015891323851,-0.15519501046606007,0.07095390661711308,-0.030415652099619803,-0.1823845529497202,-0.029533939937630822,-0.046067751719424156,-0.10856679055064292,-0.11141697637660727,-0.00405997693194925,0.04559613823743005,0.08171899696697853,0.18536460335768293,22.0,0.5098814229249012,7.0,HILLPDK
-0.09152719039685592,0.2037917040454526,0.19599982912555003,0.04527489427143405,-0.2045777265154428,-0.12644709299841944,0.27069930368661627,0.2853808364304327,0.09040625400486993,0.017449698833781876,0.03258234012559272,0.023662693835704216,0.008017429193899783,0.2069357939254133,0.0002118843179973514,-0.1417847836302277,-0.10967405698662908,0.10567559485667904,-0.11849801358451874,0.07783672946302705,-0.0542082105173224,0.10454098850869324,-0.09629117006279636,-0.025836216839677045,0.021878764577726514,-0.14374642231620316,-0.07066683754111668,-0.06344910077320688,0.02254175744371823,-0.2347814942970652,-0.1579290016660259,-0.1670536972959118,-0.10174548250672819,-0.1504173608441198,0.029991883463625097,0.0016062198299799221,-0.09360502370882993,-0.0009432269639882096,0.011838181895852022,0.027873040283651587,-0.2045777265154428,0.0003417488999957281,-0.06746123285915674,-0.041262762185484206,0.23821265325302235,-0.14505873809218678,-0.1302063308983724,-0.09572386688880347,-0.023833568285702083,0.05586227519330172,0.1860959460036738,-0.05623819898329702,-0.15040369088811997,0.05418087060532275,-0.02603443120167457,-0.17865948993976677,-0.03643726771754453,-0.042670767653466606,-0.11556580802255542,-0.11375453885257805,-0.019773591353752833,0.0384877611175189,0.09201247383484985,0.19445512409756935,4.6,3.137996219281664,4.34,HILLPDK
-0.08529369046093384,0.21173394848135335,0.1975445341535307,0.053360673245332994,-0.20064761416549193,-0.11026870007262163,0.2599273783587509,0.2770900081165364,0.10063821607074203,0.032944593959588195,0.026048101157674395,0.026020761245674737,-0.005071553675936605,0.2165731129052929,-0.010416506471869794,-0.13852449912426845,-0.10455465846469307,0.12585244991242683,-0.1197009697125037,0.07925156990900936,-0.05137169464735785,0.10568926481267887,-0.09256610705284293,-0.04134478192148319,0.023102225639711222,-0.15312401213208593,-0.06746123285915674,-0.05746166004528172,0.018160536545772994,-0.22312102182921098,-0.1621530180699731,-0.1572386688880345,-0.11259259259259258,-0.15516767055406042,0.03428424964757145,0.0033628091759579644,-0.10008458285274895,0.0041009867999487375,-0.0011756162159853045,0.03301294373958733,-0.20616344141142295,-0.00021871929599726598,-0.07539664231705755,-0.02725105728565936,0.2182271775812722,-0.12705540604041182,-0.1320722798923491,-0.1096877269426289,-0.027449271647656884,0.06975095048912812,0.19063437139561704,-0.05958733820325515,-0.1490503652441369,0.05747533000128155,-0.022302533213721217,-0.18161220043572987,-0.04269810756546628,-0.04027169037549659,-0.11318723567858514,-0.11493015506856336,-0.016984920329787687,0.03985475671750181,0.0904335939168696,0.19910290913751122,5.6,3.012422360248447,4.36,HILLPDK
-0.10229911572472127,0.2109342560553633,0.21578709043530267,0.05173394848135333,-0.19522747661155967,-0.11433551198257079,0.24158913238498014,0.2789081122645137,0.09356401384083046,0.054167200649322914,0.02363535392370456,0.017688923063778887,0.0029800504079627497,0.21173394848135335,-0.026218975607672262,-0.1490503652441369,-0.09199880387885001,0.13978213507625276,-0.1203502926224956,0.08024947669699689,-0.04939638600538254,0.1252304669144346,-0.08472638728694093,-0.05017557349737281,0.010648895723866889,-0.1579290016660259,-0.06351745055320604,-0.052178222051347777,0.012877098551839035,-0.2165731129052929,-0.1579290016660259,-0.15723866888803453,-0.12153957879448075,-0.16070400273399127,0.03805032252552437,-0.006951172625913111,-0.10514930155068564,-0.008591567345892606,-0.009835533341877055,0.0345918236575676,-0.2014336366354821,0.004121491733948481,-0.0638797043872015,-0.019971805715750354,0.1998889316075014,-0.12398650091845018,-0.10510829168268615,-0.10008458285274895,-0.02980050407962749,0.04567815797342902,0.19522747661155967,-0.052567815797342904,-0.14570806100217867,0.05223290187534709,-0.03479003801956512,-0.19139305395360756,-0.01563842966380452,-0.05068819684736639,-0.0984646930667692,-0.11614678115254813,-0.045972062027425355,0.030149087957623135,0.12153957879448075,0.18310222563971124,8.1,5.421363392377885,4.57,HILLPDK
-0.12646076295441924,0.21013456362937333,0.23225938741509675,0.05497372805331283,-0.20380537400145243,-0.08575163398692812,0.22641548122516986,0.29668589004229146,0.09842368319876971,0.04382587893545217,0.028255799051646806,0.0013396556879832543,0.00967832884787902,0.22393438421120082,-0.05705839634328677,-0.1579563415780256,-0.10016660258874792,0.11261993250459224,-0.11790337049852617,0.07348284847708147,-0.04673757956341578,0.13082831389636468,-0.09365970353282926,-0.04198726985347515,-0.005584177025930198,-0.15868768422401638,-0.05418087060532275,-0.04163868597547951,0.02476312529369046,-0.21984023238925204,-0.13986415481225167,-0.14574907087017813,-0.12831304199239607,-0.15175701653210305,0.037817933273527275,0.009056345849886795,-0.14305608953821183,0.010361826647870477,-0.0301354180016233,0.04066128412149173,-0.22146695715323172,0.01454483318381819,-0.049088811995386394,-0.02664957922166688,0.2014609765474817,-0.12030928275449614,-0.09464394036481696,-0.09789738989277628,-0.04616344141142295,0.0431287111794609,0.21173394848135332,-0.0336554316715793,-0.12834038190439578,0.05466615404331667,-0.048644538425391945,-0.18012217523174845,-0.011879191763851512,-0.04269810756546626,-0.07346917852108165,-0.11674142423854073,-0.04165235593147934,0.03456448374556794,0.10123285915673459,0.1713870733478577,11.0,9.1699604743083,4.9,HILLPDK
-0.12218890170447266,0.17945918236575678,0.2125336409073434,0.0674885727711564,-0.21414669571532322,-0.06991498996112608,0.22313469178521084,0.2947720962023153,0.09576487675680295,0.006547908923918151,0.05113247041736084,-0.0007176726899910291,0.003971122217950361,0.2331274296210859,-0.06662736554316716,-0.15595369302405057,-0.092080823614849,0.11920201631850996,-0.11083600324661454,0.07802810884702466,-0.025583322653680202,0.14777905933615276,-0.07122047075910974,-0.054666154043316664,-0.020279379725746508,-0.17500277670981246,-0.03992310649750095,-0.04638899568542014,0.005051048741936862,-0.18391558802170105,-0.15654833611004315,-0.14570806100217867,-0.14515442778418555,-0.15589901320005128,0.012726729035840914,-0.005399632619932505,-0.15243367935409458,-0.0008543722499893204,-0.0387269853475159,0.03466017343756675,-0.2206672647272417,0.019917125891751035,-0.03336152761758298,-0.01709427997778632,0.20300568157546245,-0.10400102524669999,-0.08290828313896365,-0.12850442137639367,-0.052567815797342904,0.026362510145670464,0.17428510401982142,-0.07502071852706224,-0.1553453799820582,0.03864496561151694,-0.012227775641847152,-0.1670947071639113,-0.037510359263531114,-0.04614977145542312,-0.07687983254303901,-0.10181383228672733,-0.01761373830577983,0.026041266179674488,0.1295843479003802,0.16368405314195397,9.9,7.378129117259552,4.78,HILLPDK
-0.10624289803067195,0.2165731129052929,0.19139305395360762,0.041973599897475324,-0.2045777265154428,-0.09575120680080312,0.2528600111068392,0.3238480926139519,0.10070656585074117,0.03579477978555256,-0.002453757101969328,0.02448972617369388,-0.01243282498184459,0.21413302575932336,-0.03617070357554787,-0.1656320218719296,-0.08728950403690888,0.07538297236105773,-0.08936733734888291,0.061350762527233114,-0.02030671963774617,0.09417232688282286,-0.08221795036097229,-0.07346917852108165,0.055793925413302574,-0.15382801486607714,0.018133196633773337,-0.03556922551155538,0.024544405997693197,-0.21577342047930287,-0.1531103421760861,-0.14574907087017816,-0.12583877995642703,-0.13207227989234907,0.08626425733692171,0.012166260839847922,-0.14044512794224445,0.018297236105771286,-0.01589815882780127,0.039492502883506336,-0.21578709043530267,0.009582639155880217,-0.042684437609466434,-0.015535904993805798,0.1663770344739203,-0.11376820880857788,-0.09627750010679653,-0.10512196163868598,0.015406040411807424,0.03232944593959588,0.21013456362937333,-0.004736639753940792,-0.14438207527019525,0.04675124951941561,-0.0030278952539621513,-0.16563202187192955,-0.03649194754154385,-0.033238498013584514,-0.051371694647357864,-0.12831304199239607,-0.0119680464778504,0.07488401896706397,0.08474005724294076,0.20300568157546245,8.0,8.315217391304348,4.42,LIGHTNING_TREE
-0.08885471399888933,0.20380537400145246,0.1898756888376266,0.046347985817420646,-0.1898756888376266,-0.10008458285274895,0.2634815669187065,0.3014225297962323,0.08474005724294076,0.05095476098936306,0.006616258703917296,0.012166260839847924,0.002686146353966423,0.21577342047930287,-0.03578110982955274,-0.18533726344568327,-0.0984646930667692,0.07639454910504508,-0.09899098637276262,0.09953094963475587,-0.02314323550771071,0.11083600324661454,-0.08730317399290871,-0.08123371352898459,0.038262206843521725,-0.14837370242214534,0.008782946729890212,-0.04095518817548806,0.028009739843649874,-0.23057798282711778,-0.14706138664616175,-0.15385535477807685,-0.12459481396044257,-0.14505873809218678,0.10852578068264343,0.011482763039856467,-0.13721218334828483,0.010642060745866974,-0.008325003203895938,0.03846042120551924,-0.20934854115938314,0.015686274509803925,-0.05135802469135802,-0.019240463069759496,0.1999026015635012,-0.12829937203639627,-0.09518390362681022,-0.1023127856807211,-0.012808748771839887,0.029991883463625097,0.18612328591567348,-0.036813191507539825,-0.1524473493100944,0.046013071895424834,-0.009678328847879022,-0.17210474603784873,-0.03962920244350463,-0.024742620359690718,-0.07163740441710455,-0.12829937203639627,-0.008338673159895766,0.07585458584305184,0.09253876714084328,0.18835832372164552,9.4,9.666975023126733,4.72,LIGHTNING_TREE
-0.12152590883848093,0.20616344141142295,0.1868409586056645,0.04559613823743005,-0.19831688666752104,-0.09093254731086337,0.2652860011106839,0.306241189286172,0.10510829168268615,0.03883634499551454,0.012815583749839805,0.005358622751933017,-0.0012986458199837668,0.21413302575932336,-0.052554145841343075,-0.18165321030372936,-0.09518390362681022,0.07976419325900297,-0.08831475073689607,0.08421376393694734,-0.02331410995770857,0.11147165620060659,-0.0867768806869153,-0.07252595155709345,0.044160792857447985,-0.13526421461830923,-0.005392797641932589,-0.05506941774531163,0.016082703233798967,-0.2297372805331283,-0.15872869409201587,-0.14504506813618695,-0.11911999658251099,-0.14240676662821994,0.10570293476867872,0.01815370156777308,-0.1490503652441369,0.0158161390918023,-0.0040463069759494215,0.0399914562775001,-0.1998889316075014,0.003034730231962066,-0.05221923191934726,-0.01999914562775001,0.1801358451877483,-0.13334358580033323,-0.07731043615703365,-0.09681746336878978,-0.0042240164039472,0.03372378145157844,0.2109342560553634,-0.021489170831731387,-0.14173010380622836,0.047516767055406035,0.0013464906659831689,-0.16211200820197366,-0.03847409116151907,-0.030401982143619975,-0.08321585714895981,-0.14242043658421977,-0.00602161561792473,0.08575163398692812,0.08784313725490198,0.19677218163954036,11.0,9.24901185770751,4.98,LIGHTNING_TREE
-0.08534837028493315,0.18762698107565468,0.1720910760818489,0.05262249562134222,-0.20227433892947158,-0.08131573326498358,0.2554914776368063,0.28819001238839764,0.0787526165150156,0.03893203468751335,0.032021871929599724,0.015317185697808535,0.011311888589858602,0.21413302575932336,-0.06043487547524456,-0.19293775898158827,-0.09093254731086337,0.08322952710495964,-0.0909462172668632,0.09410397710282371,-0.03889102481951386,0.11083600324661454,-0.10739117433465761,-0.07500704857106243,0.04271177752146609,-0.138483489256269,0.010061087615874239,-0.04679225938741509,0.019479687299756507,-0.24936050237088303,-0.16281601093596482,-0.13654919048229316,-0.11084967320261437,-0.13143662693835706,0.09357768379683029,0.015036951599812038,-0.1437190824042035,0.00438805587594515,-0.005645691827929428,0.027811525481652357,-0.19140672390960745,0.002474262035969071,-0.06086547908923918,-0.02747661155965654,0.2223760092272203,-0.10798581742065018,-0.07398180187107524,-0.09899098637276262,-0.05029860310137127,0.03711393053953607,0.20380537400145246,-0.052191892007347605,-0.15380067495407748,0.03800931265752488,-0.006472724165919091,-0.16211200820197366,-0.03681319150753984,-0.021003887393737448,-0.10513563159468581,-0.1430560895382118,-0.005406467597932419,0.08475372719894059,0.09792472980477596,0.19525481652355933,6.4,6.71875,4.39,LIGHTNING_TREE
-0.07778204963902774,0.1929104190695886,0.170642060745867,0.04523388440343458,-0.18012217523174845,-0.09040625400486994,0.2652860011106839,0.31009611687812383,0.10119184928873509,0.04597206202742535,0.023929257977700884,0.016650006407791875,0.0010389166559870134,0.22145328719723184,-0.04861719851339229,-0.186082276047674,-0.10681020120466486,0.07876628647101543,-0.08575163398692812,0.08474005724294076,-0.033669101627579134,0.10627023794267161,-0.10967405698662908,-0.06478192148319023,0.03448246400956897,-0.14504506813618695,-0.004203511469947457,-0.04206928958947413,0.017326669229783417,-0.23988038788500146,-0.1621120082019736,-0.14837370242214534,-0.11433551198257079,-0.12767738903840403,0.10397368533470033,0.005508992267931138,-0.13207227989234913,0.0037113930539536075,0.008154128753898073,0.035124951941560935,-0.17940450254175747,0.00780554487590243,-0.057878593703276526,-0.0329035840915887,0.18759964116365502,-0.13461489170831734,-0.08780212738690248,-0.10856679055064292,-0.034468794053569146,0.05914306463326072,0.17498910675381266,-0.010266136955871672,-0.16211200820197366,0.03757870904353026,-0.003902772437951215,-0.17279507881584008,-0.039854756717501806,-0.0374556794395318,-0.08472638728694093,-0.14305608953821183,-0.014093724635823831,0.07681148276303988,0.08221795036097229,0.19986159169550174,8.2,8.960763520678686,4.47,LIGHTNING_TREE
-0.09467128027681662,0.2077764962194028,0.20620445127942247,0.05184330812935196,-0.19831688666752104,-0.09704985262078687,0.2347814942970652,0.30527745738818407,0.07543765218505705,0.04010765090349866,0.026799948737665003,0.008789781707890128,0.015522235037805972,0.21740014524328255,-0.07732410611303346,-0.19371011149557865,-0.0732572942030843,0.08738519372890768,-0.08584732367892692,0.08128839335298392,-0.04090050835148874,0.11205262933059933,-0.11201161946259984,-0.055527361271305906,0.002494766969968815,-0.15518134051006024,-0.01670468623179119,-0.05122816010935965,0.025528642829680887,-0.21014823358537316,-0.15112136357811098,-0.15658934597804264,-0.10797214746465035,-0.12094493570848819,0.06217095988722286,0.02357383912170533,-0.15135375283010807,0.0008612072279892348,-0.036232218377547094,0.02602076124567474,-0.18911700627963604,0.0037592378999530096,-0.06392071425520099,-0.0010867615019864154,0.22478875646119015,-0.10402836515869963,-0.07491135887906361,-0.10126019906873425,-0.033956170703575546,0.030176427869622793,0.1831022256397112,-0.04865820838139177,-0.15935067709000814,0.045329574095433374,-0.018878209235764023,-0.19139305395360762,-0.025638002477679524,-0.020532273911743348,-0.06940920158913239,-0.14505873809218678,-0.007463795975906702,0.07072151736511599,0.1286001110683925,0.19677218163954036,5.8,8.620689655172415,4.3,LIGHTNING_TREE
-0.09791105984877611,0.18759964116365502,0.19215173651159814,0.05263616557734204,-0.19063437139561704,-0.08882737408688965,0.2581366141227732,0.2985723439702679,0.08575163398692812,0.05419454056132257,0.017169464735785386,0.013410226835832373,0.010361826647870477,0.21982656243325222,-0.07019522405912255,-0.19602716903754963,-0.089920970566876,0.08171899696697853,-0.09360502370882995,0.08831475073689607,-0.03777692340552778,0.12708274595241145,-0.11083600324661454,-0.06222563971122218,0.011585287709855183,-0.15723866888803453,-0.02356700414370541,-0.04672390960741595,0.031659618095604254,-0.23394079200307574,-0.1551676705540604,-0.170642060745867,-0.11083600324661454,-0.13402024862232476,0.07398180187107524,0.024674270579691574,-0.14570806100217867,0.0026314665299671065,-0.016759366055790512,0.02982784399162715,-0.19293775898158833,0.007477465931906531,-0.04230851381947113,-0.010751420393865608,0.20226066897347175,-0.12767738903840403,-0.08884104404288949,-0.11029603998462129,-0.042404203511469944,0.03448246400956897,0.19368277158357902,-0.03421589986757229,-0.15312401213208593,0.04208295954547397,-0.018563800247767954,-0.17937716262975778,-0.0323362809175958,-0.03174163783160323,-0.06698961937716265,-0.12643342304241958,-0.0042513563159468585,0.06301849715921228,0.11087701311461402,0.18536460335768296,9.5,9.4279176201373,4.69,LIGHTNING_TREE
-0.09695416292878808,0.1838472382417019,0.18849502328164386,0.06871886881114102,-0.19601349908154983,-0.06145328719723184,0.25640052971079497,0.3110735187321116,0.08782946729890213,0.03556239053355546,0.033135973343585805,-0.0037524029219530943,0.018372420863770344,0.22645649109316932,-0.04418813276944765,-0.17151010295185617,-0.07980520312700244,0.08951770686488104,-0.07732410611303346,0.08739886368490753,-0.040715963945491054,0.10398735529070016,-0.09738476654278269,-0.05748899995728139,0.012508009739843652,-0.11322824554658463,0.005488487333931393,-0.06982613524712718,0.006677773505916527,-0.21254731086334316,-0.16710837711991114,-0.15537271989405785,-0.1224076210004699,-0.1498637276261267,0.08730317399290871,0.012234610619847066,-0.15725233884403433,0.002939040539963262,-0.04179589046947755,0.03857661583151779,-0.19601349908154983,-0.0013396556879832543,-0.06009996155324875,-0.012842923661839463,0.23988038788500146,-0.11866205305651673,-0.05686018198128925,-0.10251783502071851,-0.05540433166730744,0.027032337989662092,0.19692255115553847,-0.055930624973300876,-0.16140800546798242,0.05548635140330642,-0.0019958135759750527,-0.18020419496774742,-0.023314109957708575,-0.03190567730360118,-0.08904609338288694,-0.12903071468238714,-0.0023922422999700967,0.0648639412191892,0.1302063308983724,0.16009568969199883,9.2,5.671077504725898,4.59,LIGHTNING_TREE
-0.09518390362681022,0.19217907642359774,0.18086718783373917,0.052164552095347955,-0.1975445341535307,-0.09108291682686147,0.2364628988850442,0.3159605280020505,0.06836344995514548,0.041611346063479854,0.014927591951813405,0.02554231278568072,0.011598957665855015,0.21494638814131323,-0.04906147208338673,-0.17718313469178523,-0.09199880387885001,0.08374215045495323,-0.08935366739288308,0.07635353923704559,-0.021981289247725234,0.10624289803067195,-0.1062565679866718,-0.05619718911529754,0.0265675594856679,-0.16012302960399846,0.007894399589901319,-0.048630868469392116,0.013471741637831604,-0.2297372805331283,-0.17572044939980352,-0.16563202187192955,-0.10009825280874877,-0.14109445085223635,0.08626425733692171,0.010949634755863127,-0.12095860566448802,-0.010628390789867144,-0.00903584091588705,0.031659618095604254,-0.18915801614763555,0.014080054679823999,-0.06126874279123414,-0.016875560681789057,0.22145328719723184,-0.12337818787645777,-0.08733051390490837,-0.10400102524669998,-0.0408868383954889,0.04248622324746892,0.21333333333333337,-0.041973599897475324,-0.16352001366995605,0.0398957665855013,-0.0016130548079798367,-0.18165321030372936,-0.03195352214960058,-0.04059293434149259,-0.0910008970908625,-0.13207227989234913,0.0018796189499765044,0.08271690375496604,0.11493015506856336,0.1929104190695886,5.9,4.355195283714075,4.3,LIGHTNING_TREE
-0.11562048784655474,0.18088085778973897,0.1615036951599812,0.07402281173907473,-0.20380537400145243,-0.10384382075270196,0.22149429706523135,0.3091460549361357,0.08426844376094665,0.040285360331496434,0.0187278397197659,-0.0015652099619804351,0.019452347387756846,0.20937588107138286,-0.06307317698321158,-0.1839292579777009,-0.08885471399888932,0.06681874492716476,-0.09148618052885643,0.09418599683882269,-0.039212268785509846,0.0937280533128284,-0.09976333888675297,-0.06680507497116493,0.016773036011790338,-0.1281421675423982,0.003246614549959417,-0.05192532786535093,-0.009165705497885429,-0.22236233927122045,-0.17868682985176643,-0.16640437438591996,-0.11633816053654579,-0.1721047460378487,0.09914135588876073,0.008577897389892775,-0.13913281216626086,0.0026314665299671065,-0.013212012473834849,0.046874279123414075,-0.18468794053569143,0.010184117219872698,-0.044003588363449954,-0.006281344781921484,0.23072835234311592,-0.1291264043743859,-0.0657114784911786,-0.10527233115468408,-0.054385919945320174,0.017422358921782222,0.21267034046734168,-0.04817975992139775,-0.15453201760006832,0.05966935793925413,-0.009158870519885516,-0.17572044939980352,-0.03161177324960485,-0.03332051774958349,-0.09223119313084711,-0.13212695971634844,0.005515827245931052,0.056224529027297195,0.1132145755905848,0.18838566363364517,8.2,4.6606574761399795,4.3,LIGHTNING_TREE
-0.11378187876457771,0.19986159169550174,0.17646546200179417,0.05057883719936777,-0.18835832372164557,-0.10065188602674185,0.23902601563501216,0.3218659489939767,0.11613311119654833,0.060017941817249766,0.0176479131957794,0.027155367593660558,-0.008468537741894142,0.21819983766927256,-0.04377119911145285,-0.16142167542398222,-0.09518390362681022,0.0652398650091845,-0.09572386688880347,0.08834209064889573,-0.043839548891452,0.09953094963475587,-0.08474005724294076,-0.08273057371096587,0.04057926438549275,-0.15175701653210305,-0.004039471997949507,-0.06042120551924474,0.02120893673373489,-0.21575975052330307,-0.15243367935409458,-0.15378700499807765,-0.11433551198257079,-0.14108078089623652,0.11552479815455591,0.009897048143876288,-0.13397923875432527,0.013485411593831435,-0.007210901789909864,0.04597206202742535,-0.21013456362937333,0.015112136357811097,-0.04491264043743859,-0.017832457601777096,0.14504506813618692,-0.12095860566448802,-0.07111111111111111,-0.11026870007262163,-0.007156221965910546,0.010956469733863043,0.2045777265154428,-0.013868170361826648,-0.1531103421760861,0.0448716305694391,-0.004374385919945319,-0.163520013669956,-0.02889145200563885,-0.038166517151522916,-0.05540433166730744,-0.14972702806612842,0.0003759237899953009,0.07729676620103382,0.09842368319876971,0.2037917040454526,11.0,7.5889328063241095,5.06,LIGHTNING_TREE
-0.10458199837669274,0.2190268700072622,0.18090819770173866,0.046347985817420646,-0.2045777265154428,-0.09738476654278269,0.24675637575291556,0.32384809261395187,0.0919851339228502,0.05579392541330259,0.0014080054679824,0.026314665299671067,0.0012781408859840232,0.20066128412149176,-0.03517963176556024,-0.17500277670981246,-0.10797214746465035,0.0629911572472126,-0.08835576060489557,0.08576530394292795,-0.026916143363663547,0.0990319962407621,-0.08679055064291513,-0.07979153317100261,0.04653936520141826,-0.16706736725191165,0.004039471997949506,-0.06087914904523902,0.027743175701653206,-0.2198265624332522,-0.16142167542398222,-0.1524473493100944,-0.12091759579648853,-0.1490503652441369,0.0879524969029006,0.006999017471912511,-0.13093767354436328,0.009514289375881071,-0.003458498867956768,0.04234952368747063,-0.20536374898543294,0.02307488572771156,-0.03984108676150198,-0.008147293775898158,0.163520013669956,-0.11385022854457688,-0.09359135375283012,-0.11144431628860693,-0.007696185227903798,0.016369772309795378,0.2165867828612927,-0.013348712033833142,-0.1444094151821949,0.044509376735443626,-0.008249818445896877,-0.17498910675381266,-0.03679952155154001,-0.03928061856550899,-0.042684437609466434,-0.138483489256269,-0.016014353453799823,0.08221795036097229,0.10411038489469863,0.18684095860566446,5.7,3.4401220442410376,4.36,LIGHTNING_TREE
-0.08886838395488915,0.2069357939254133,0.18086718783373915,0.050606177111367424,-0.1929104190695886,-0.10454098850869324,0.25199196890085007,0.3110735187321116,0.09627750010679653,0.06305950702721175,0.01645862702379427,0.02122260668973472,-0.0012302960399846212,0.22145328719723184,-0.02411380238369858,-0.15723866888803453,-0.10681020120466486,0.0734965184330813,-0.08474005724294076,0.07446708530906918,-0.03915758896151053,0.08834209064889573,-0.09518390362681022,-0.0656567986671793,0.02813276944764834,-0.14043145798624462,0.012863428595839208,-0.06703062924516212,0.02519372890768508,-0.21013456362937333,-0.16070400273399127,-0.16281601093596476,-0.13462856166431716,-0.15378700499807765,0.09410397710282371,0.014264599085821693,-0.13588619761630144,0.014517493271818529,-0.0084480328078944,0.05213721218334828,-0.21658678286129274,0.019014908795762314,-0.052540475885343246,-0.016424452133794693,0.16633602460592078,-0.12643342304241958,-0.09842368319876971,-0.10970139689862873,0.012268785509846641,0.02575419710367807,0.1929104190695886,-0.015153146225810587,-0.14173010380622836,0.052150882139348126,-0.007081037207911486,-0.17279507881584008,-0.029520269981630994,-0.03295826391558802,-0.05173394848135333,-0.13397923875432527,-0.022247853389721906,0.06567046862317912,0.0919851339228502,0.18684095860566446,9.4,7.863089731729879,4.68,LIGHTNING_TREE
-0.12405485069844929,0.22481609637318986,0.19835789653552055,0.06491862104318852,-0.20301935153146228,-0.09054295356486823,0.2289102481951386,0.2985860139262677,0.09518390362681022,0.05137169464735786,0.015898158827801274,0.007846554743901918,-0.01261053440984237,0.23141868512110728,-0.03522064163355974,-0.1510803537101115,-0.08681789055491479,0.072081677987099,-0.08987996069887651,0.07782305950702723,-0.03681319150753984,0.10683754111666452,-0.09680379341278995,-0.07449442522106883,0.018850869323764365,-0.1477653893801529,0.023006535947712417,-0.05699688154128754,0.019042248707761972,-0.210161903541373,-0.1470887265581614,-0.15871502413601607,-0.13149130676235637,-0.1572660088000342,0.0914725105728566,0.014134734503823318,-0.13978213507625276,0.02206330898372421,-0.04390106369345123,0.05465248408731684,-0.2255884488871802,0.019151608355760606,-0.03772907855952839,0.0036020334059549738,0.16001366995599986,-0.10013926267674826,-0.0873441838609082,-0.11028237002862146,-0.012829253705839634,0.017497543679781277,0.2037917040454526,-0.02086718783373916,-0.14179845358622753,0.053374343201332816,-0.006397539407920031,-0.17498910675381266,-0.03716177538553547,-0.034619163569567256,-0.04522021444743475,-0.15380067495407748,-0.010710410525866118,0.05886283053526421,0.11514887436456066,0.18842667350164466,7.3,7.6831447290053605,4.65,LIGHTNING_TREE
-0.11030970994062111,0.21254731086334316,0.2061771113674228,0.03954718270750565,-0.21254731086334322,-0.10127386902473408,0.2617181425947285,0.2976222820282797,0.07259430133709259,0.030135418001623306,0.012665214233841683,0.006992182493912599,0.010204622153872443,0.22808321585714897,-0.05841855696526976,-0.1845922508436926,-0.09955828954675552,0.09847836302276904,-0.08483574693493957,0.0824093297449699,-0.030429322055619632,0.1173087274125336,-0.09256610705284293,-0.06178136614122773,0.0141278995258234,-0.16494168909393825,-0.0187756845657653,-0.056737152377290774,0.03559656542355504,-0.24503396129693705,-0.14649408347216883,-0.156562006066043,-0.11437652185057028,-0.1423930966722201,0.0605442351232432,0.014544833183818186,-0.13526421461830923,0.029602289717629973,-0.028378828655645266,0.03081891580161476,-0.2173864752872827,0.008461702763894229,-0.04957409543338033,-0.001606219829979922,0.2223076594472212,-0.1052723311546841,-0.08371481054295357,-0.10910675381263617,-0.03527532145755905,0.03550087573155623,0.19599982912555003,-0.04677858943141527,-0.12708274595241148,0.04985432953137682,-0.03143406382160707,-0.17279507881584008,-0.041693365799478826,-0.04640266564141996,-0.07411850143107351,-0.14306975949421166,-0.030702721175616215,0.06579349822717759,0.1228245546584647,0.16857106241189285,8.1,3.8486312399355884,4.62,LIGHTNING_TREE
-0.08279892349096503,0.1642240164039472,0.17207740612584907,0.06215728993122302,-0.17791447733777607,-0.10012559272074843,0.2770900081165364,0.30334999359220816,0.08525268059293435,0.048254944679396825,0.02572685719167841,0.018898714169763766,0.0061309752659233635,0.2198265624332522,-0.049464735785381686,-0.18835832372164552,-0.1138228886325772,0.09899098637276262,-0.07733777606903329,0.0914725105728566,-0.03137938399760776,0.10853945063864325,-0.10909308385663632,-0.06266991328121664,0.04224699901747191,-0.12529881669443377,-0.0009979067879875262,-0.05629287880729634,0.014599513007817509,-0.2347814942970652,-0.15040369088811997,-0.15654833611004315,-0.11382288863257722,-0.13082831389636468,0.10008458285274895,0.011899696697851255,-0.12955700798838052,0.0005673031739929087,0.0009910718099876115,0.030162757913622964,-0.18020419496774745,0.004353880985945576,-0.06347644068520654,-0.028105429535648683,0.21985390234525184,-0.14439574522619508,-0.0797368533470033,-0.09572386688880347,-0.04086633346148917,0.05457046435131787,0.1899440386176257,-0.03142039386560724,-0.15045837071211926,0.03681319150753984,-0.01715579477978555,-0.16211200820197366,-0.04059293434149258,-0.025275748643684055,-0.09313341022683584,-0.13527788457430906,-0.01767525310777906,0.08728950403690888,0.0984646930667692,0.1952411465675595,6.8,3.8554987212276215,4.45,LIGHTNING_TREE
-0.09413131701482337,0.19139305395360762,0.17937716262975778,0.05830919731727112,-0.20614977145542313,-0.08831475073689607,0.2725037378785937,0.29954974582425564,0.09522491349480969,0.05135802469135802,0.01647913195779401,0.008427527873894653,0.0040804818659489935,0.22310735187321118,-0.05539066171130762,-0.1929104190695886,-0.10853945063864326,0.0763535392370456,-0.08831475073689607,0.08428211371694648,-0.045288564227433895,0.09791105984877611,-0.10460933828869237,-0.07394079200307575,0.03710709556153616,-0.13978213507625276,-0.014913921995813576,-0.03511128198556111,0.013410226835832375,-0.23479516425306501,-0.16848904267589385,-0.17279507881584008,-0.12274253492246572,-0.138483489256269,0.08885471399888932,0.0233277799137084,-0.14769703960015382,-0.008557392455893034,-0.012337135289845785,0.055404331667307447,-0.18761331111965485,0.01999914562775001,-0.03643726771754453,-0.024899824853688753,0.16705369729591182,-0.14044512794224445,-0.06698961937716265,-0.10797214746465035,-0.009309240035883634,0.05536332179930796,0.2264154812251698,-0.005201418257934983,-0.131436626938357,0.03917125891751035,-0.010594215899867572,-0.16000000000000003,-0.030231107693622108,-0.021489170831731387,-0.06432397795719595,-0.12274253492246573,-0.0218240847537272,0.06701695928916229,0.09040625400486993,0.17064206074586696,13.0,10.468227424749163,4.84,LIGHTNING_TREE
-0.13790251612627624,0.19599982912555003,0.19296509889358793,0.05715408603528557,-0.19445512409756935,-0.07532145755905849,0.25284634115083937,0.30241360160621983,0.09735742663078303,0.04029903028749626,0.012378145157845272,0.00892648126788842,0.006329189627920885,0.21741381519928232,-0.06655901576316801,-0.1929104190695886,-0.08587466359092658,0.07687983254303903,-0.09359135375283012,0.084241103848947,-0.035473535819556576,0.1253261566064334,-0.1073911743346576,-0.07023623392712205,0.007005852449912426,-0.14844205220214446,-0.01885770430176428,-0.04417446281344781,0.02659489939766756,-0.22892391815113847,-0.1686120722798924,-0.16004100986799952,-0.12220257166047244,-0.15177068648810288,0.060058951685249266,0.023806228373702425,-0.16081336238198984,0.006944337647913195,-0.023744713571703192,0.04351830492545602,-0.17645179204579436,0.015166816181810415,-0.031099149899611267,-0.013157332649835532,0.17870049980776626,-0.1150258447605622,-0.07584091588705201,-0.10288008885471399,-0.013000128155837499,0.03502242727156221,0.2053774189414328,-0.019862446067751716,-0.1346148917083173,0.05145371438335682,-0.024544405997693194,-0.17135973343585803,-0.02692981331966337,-0.03302661369558716,-0.03664231705754197,-0.13208594984834893,-0.032261096159596735,0.06973728053312829,0.14074586697424066,0.17791447733777607,12.0,11.521739130434783,4.87,LIGHTNING_TREE
-0.14242043658421977,0.1990892391815114,0.18686829851766412,0.06256055363321798,-0.2077354863514033,-0.11852535349651844,0.25022854457687216,0.31302832244008716,0.1096877269426289,0.0591430646332607,0.014927591951813405,0.026929813319663376,0.00792173950190098,0.2077354863514033,-0.04025802041949676,-0.16422401640394715,-0.1040146952026998,0.06836344995514547,-0.09467128027681662,0.07346917852108165,-0.034496133965568804,0.09518390362681022,-0.09410397710282371,-0.06218462984322269,0.023286770045708914,-0.1378341663462771,-0.017675253107779062,-0.04379853902345251,0.019958135759750525,-0.21333333333333337,-0.18837199367764537,-0.16211200820197366,-0.12030928275449611,-0.1551676705540604,0.0679055064291512,0.02433935665769576,-0.14438207527019525,0.004969029005937887,-0.024701610491691225,0.04644367550941945,-0.18835832372164552,0.002515271903968559,-0.039506172839506165,-0.01884403434576445,0.17937716262975778,-0.12213422188047332,-0.060851809133239336,-0.09201247383484984,0.0057755564099278055,0.02580887692767739,0.21575975052330307,-0.01729932931778376,-0.1378341663462771,0.06014097142124824,-0.023341449869708236,-0.16633602460592078,-0.02049126404374386,-0.041611346063479854,-0.05997693194925028,-0.15654833611004315,-0.038111837327523594,0.06746123285915674,0.1209175957964885,0.1831295655517109,17.0,7.186700767263428,5.71,LIGHTNING_TREE
-0.11791704045452603,0.19215173651159814,0.18161220043572984,0.06301849715921226,-0.19986159169550174,-0.11259259259259258,0.2634815669187065,0.31009611687812383,0.09899098637276262,0.056668802597291644,0.01190653167585117,0.01957537699175531,0.009111025673886112,0.23141868512110728,-0.056224529027297195,-0.19445512409756935,-0.11437652185057028,0.08228630014097144,-0.09735742663078303,0.08026314665299673,-0.031338374129608264,0.12093126575248836,-0.11206629928659916,-0.07493869879106328,0.03527532145755905,-0.13849715921226882,-0.030094408133623813,-0.04526122431543424,0.023033875859712078,-0.22312102182921104,-0.17068307061386642,-0.170642060745867,-0.11674142423854075,-0.1378341663462771,0.07735144602503312,0.01719680464778504,-0.12527147678243408,0.021892434533726343,-0.006206160023922422,0.06305950702721175,-0.18237088299372037,0.004558930325943013,-0.03746934939553163,-0.020586953735742666,0.187599641163655,-0.13913281216626086,-0.0763535392370456,-0.09737109658678286,0.002781836045965227,0.04244521337946943,0.21661412277329237,-0.01369046093382887,-0.13207227989234913,0.037483019351531456,-0.017381349053782733,-0.16001366995599986,-0.031673288051604076,-0.05498739800931266,-0.060933828869238336,-0.15175701653210305,-0.03545986586355675,0.07443974539706952,0.11152633602460593,0.18161220043572984,14.0,9.503105590062113,5.12,LIGHTNING_TREE
-0.10737750437865777,0.19677218163954036,0.18235721303772057,0.04230851381947113,-0.18987568883762654,-0.08838310051689523,0.24936050237088303,0.3081686530821479,0.09467128027681662,0.04868554829339143,0.0065205690119184935,0.01762057328377974,0.0021393481139732585,0.21738647528728272,-0.06704429920116195,-0.18835832372164557,-0.10174548250672819,0.07395446195907558,-0.0919851339228502,0.07681148276303988,-0.04162501601947968,0.11383655858857705,-0.10737750437865777,-0.08076210004699048,0.04672390960741595,-0.1573070186680337,-0.000546798239993165,-0.04268443760946644,0.029602289717629966,-0.24849246016489385,-0.15040369088811997,-0.14637105386817037,-0.1080404972446495,-0.12216156179247298,0.08987996069887651,0.016096373189798795,-0.14043145798624462,0.01235080524584561,0.002358067409970524,0.03823486693152205,-0.19139305395360762,0.009439104617882008,-0.04794737066940066,-0.024920329787688496,0.1801495151437481,-0.13529155453030886,-0.0772967662010338,-0.10856679055064292,-0.03918492887351018,0.04172070571147849,0.21334700328933318,-0.0014763552479815456,-0.15658934597804267,0.033908325857576145,-0.004866504335939169,-0.1621120082019736,-0.03382630612157717,-0.018481780511768978,-0.06883506343713958,-0.13400657866632493,-0.012145755905848177,0.08475372719894059,0.0878157973429023,0.1998889316075014,6.5,8.561872909698996,4.49,LIGHTNING_TREE
-0.08206074586697426,0.1444230851381947,0.1884403434576445,0.07007902943312401,-0.19986159169550174,-0.11235336836259559,0.2511102567388611,0.31009611687812383,0.09468495023281645,0.02498867956768764,0.02531675851168354,0.02650604468366867,0.026922978341663465,0.2297509504891281,-0.04023068050749712,-0.17498910675381266,-0.0990319962407621,0.09684480328078944,-0.07395446195907558,0.0957375368448033,-0.038747490281515654,0.10128753898073391,-0.08428211371694648,-0.055404331667307447,0.02589773164167628,-0.11078132342261524,-0.029868853859626638,-0.042786962279465164,0.008536887521893289,-0.2023016788414712,-0.19140672390960745,-0.17222777564184716,-0.14913238498013584,-0.1685027126318937,0.06839078986714513,0.00678713315391516,-0.13914648212226066,0.034755863129565544,-0.007901234567901233,0.033224828057584685,-0.2040240932974497,-0.01676620103379042,-0.06441966764919475,-0.03677901661754025,0.22150796702123116,-0.1358998675723013,-0.06479559143919006,-0.1043291041906959,-0.03883634499551454,0.043839548891452,0.1961912085095476,-0.03173480285360332,-0.14579008073817765,0.023437139561707034,-0.019821436199752233,-0.1572523388440344,-0.058275022427271575,-0.023143235507710712,-0.08882053910888975,-0.12458114400444274,-0.000205049339997437,0.0894493570848819,0.10510829168268615,0.1706557307018668,6.3,3.7750172532781225,4.37,LIGHTNING_TREE
-0.1203366226664958,0.20536374898543297,0.1975445341535307,0.04347729505745654,-0.20300568157546245,-0.0853210303729335,0.2697765816566278,0.3159605280020505,0.11318723567858514,0.04126276218548421,-0.007142552009910718,0.007409116151907386,0.013198342517835021,0.22558844888718013,-0.049437395873382035,-0.19063437139561706,-0.09464394036481696,0.08728950403690888,-0.09464394036481696,0.09738476654278269,-0.02120893673373489,0.12893502499038834,-0.07925156990900936,-0.07975052330300314,0.03890469477551369,-0.13589986757230127,-0.015727284377803408,-0.050230253321372126,0.023047545815711907,-0.21414669571532322,-0.16070400273399127,-0.14772437951215345,-0.12152590883848093,-0.16211200820197366,0.09521124353880987,0.014633687897817077,-0.1391464821222607,0.017661583151779233,0.002528941859968388,0.04790636080140117,-0.19677218163954036,0.009322909991883462,-0.05455679439531805,-0.020586953735742666,0.1831022256397112,-0.13786150625827676,-0.07158272459310523,-0.10398735529070016,-0.023437139561707038,0.028747917467640646,0.21901320005126237,-0.017702593019778716,-0.13529155453030883,0.04488530052543893,-0.002494766969968815,-0.15585800333205177,-0.026342005211670724,-0.02556965269768038,-0.0693203468751335,-0.13466957153231662,-0.005064718697936691,0.08575163398692812,0.09953094963475587,0.18838566363364517,12.0,8.51449275362319,5.2,LIGHTNING_TREE
-0.12643342304241958,0.2109342560553633,0.19139305395360762,0.041584006151480196,-0.2069357939254133,-0.10340638216070744,0.2347814942970652,0.3278123798539023,0.10909308385663634,0.03350506215558119,0.017436028877782048,0.015392370455807595,0.006404374385919945,0.22393438421120082,-0.04375752915545303,-0.17354009141783078,-0.0957375368448033,0.07488401896706397,-0.08935366739288308,0.07636720919304542,-0.026314665299671067,0.11557947797855525,-0.08171899696697853,-0.07346917852108165,0.03777692340552778,-0.15378700499807765,0.0072655816139091806,-0.0604075355632449,0.019493357255756336,-0.21657311290529288,-0.15243367935409458,-0.14769703960015382,-0.13020633089837244,-0.138483489256269,0.10174548250672819,0.018495450467768806,-0.1378341663462771,0.028132769447648334,-0.011913366653851084,0.051761288393352985,-0.2069357939254133,0.01044384638386945,-0.053818616771327266,-0.017265154427784184,0.17940450254175747,-0.1173087274125336,-0.08728950403690888,-0.10343372207270707,-0.007354436327908069,0.03263701994959203,0.19986159169550174,-0.009609979067879875,-0.12456747404844293,0.04825494467939681,-0.008051604083899355,-0.15243367935409458,-0.02600709128967491,-0.03851510102951856,-0.0629911572472126,-0.14570806100217867,-0.02433935665769576,0.07778204963902774,0.09251142722884362,0.1975445341535307,12.0,8.731884057971014,5.11,LIGHTNING_TREE
-0.10348840189670641,0.19605450894954934,0.17944551240975695,0.04638899568542013,-0.21578709043530267,-0.11267461232859158,0.24591567345892607,0.31892007347601353,0.07836302276902048,0.0027681660899653996,0.01725148447178436,-0.009104190695886197,0.025528642829680887,0.22891024819513867,-0.061309752659233635,-0.15935067709000814,-0.09849203297876886,0.06914947242513564,-0.08938100730488274,0.07592293562305097,-0.05698321158528771,0.1046640181126917,-0.083919859882951,-0.0711931308471101,0.006206160023922423,-0.1289760348583878,-0.0007860224699901748,-0.03930795847750865,0.014927591951813405,-0.20774915630740315,-0.1608133623819899,-0.1642240164039472,-0.14932376436413347,-0.17940450254175747,0.07496603870306293,0.012268785509846638,-0.14117647058823532,0.04075697381349054,-0.033846811055576916,0.04297150668546285,-0.21661412277329237,-0.0028570208039642876,-0.046074586697424064,-0.010594215899867572,0.23230039728309626,-0.10852578068264343,-0.09148618052885643,-0.08329787688495878,-0.05380494681532744,0.027633816053654576,0.18395659788970053,-0.04086633346148917,-0.13849715921226882,0.06001794181724978,-0.02521423384168482,-0.16636336451792047,-0.039444658037506936,-0.03439360929557008,-0.07988722286300143,-0.11317356572258531,-0.0033969840659575376,0.06572514844717844,0.09364603357682943,0.1854056132256824,5.5,4.0,4.33,LIGHTNING_TREE
-0.13270793284634116,0.22310735187321118,0.20933487120338334,0.03432525951557094,-0.19986159169550174,-0.08321585714895981,0.2652723311546841,0.3248391644239395,0.10681020120466486,0.009951727967875603,-0.0031167499679610406,0.0036362082959545475,-0.00922722029988466,0.23564953650305437,-0.051385364603357686,-0.1684890426758939,-0.08528002050493401,0.08987996069887651,-0.08122004357298476,0.06390704429920117,-0.019718911529753514,0.14109445085223635,-0.08885471399888932,-0.06346277072920672,0.03101713016361228,-0.1692067153658849,-0.03174163783160323,-0.051385364603357686,0.035152291853560585,-0.21341535306933232,-0.16000000000000003,-0.14306975949421163,-0.11611944124054847,-0.14505873809218678,0.04941005596138237,0.011728822247853392,-0.13525054466230943,0.030162757913622964,-0.016069033277799138,0.03647827758554402,-0.2125336409073434,0.012706224101841171,-0.03818018710752274,0.0015720449399803495,0.14646674356016917,-0.10624289803067195,-0.102880088854714,-0.12091759579648853,-0.019958135759750525,0.03515229185356059,0.1975445341535307,-0.015535904993805798,-0.13207227989234913,0.04129010209748386,-0.016663676363791704,-0.15932333717800848,-0.019759921397753,-0.033682771583578956,-0.06927933700713401,-0.13207227989234913,-0.021024392327737198,0.07681148276303988,0.10798581742065018,0.20221965910547224,5.7,6.651411136536995,4.44,LIGHTNING_TREE
-0.10181383228672733,0.1975445341535307,0.19911657909351108,0.03985475671750181,-0.20933487120338332,-0.08935366739288308,0.2554914776368063,0.30048613781024397,0.11374086889657825,0.045596138237430056,-0.003629373317954632,0.012022726301849716,0.011557947797855525,0.22393438421120082,-0.049826989619377156,-0.19139305395360762,-0.09572386688880347,0.08223162031697212,-0.09040625400486993,0.09199880387885001,-0.027319407065658507,0.12275620487846556,-0.0867768806869153,-0.06701695928916229,0.03929428852150881,-0.14174377376222821,-0.024366696569695416,-0.035808449741552395,0.02602076124567474,-0.24332521679695843,-0.15866034431201673,-0.14504506813618692,-0.11089068307061385,-0.1558580033320518,0.08277158357896536,0.025501302917681233,-0.13526421461830923,0.01626724763979666,0.0015515400059806055,0.04308770131146141,-0.18610961595967368,0.009336579947883292,-0.05744799008928189,-0.017381349053782733,0.21414669571532322,-0.12339185783245761,-0.08425477380494682,-0.09523858345080953,-0.03645093767354436,0.034270579691571615,0.20937588107138286,-0.024421376393694735,-0.13207227989234907,0.03589046947755137,-0.014572173095817851,-0.15863300440001707,-0.030415652099619803,-0.02096971250373788,-0.08224529027297195,-0.14570806100217867,-0.00798325430390021,0.08024947669699689,0.1023127856807211,0.18387457815370156,9.0,6.570048309178745,4.68,LIGHTNING_TREE
-0.1301926609423726,0.1801358451877483,0.19139305395360756,0.09735742663078303,-0.23902601563501216,-0.12524413687043445,0.23310008970908624,0.31693792985603836,0.0941449869708232,0.04864453842539194,0.03206288179759921,0.018085351787773932,0.012125250971848432,0.22229398949122134,-0.03784527318552693,-0.1621393481139733,-0.09899098637276262,0.06001794181724978,-0.11494382502456318,0.05746166004528172,-0.09953094963475587,0.06300482720321243,-0.07826733307702166,-0.05215088213934811,0.055793925413302574,-0.12395916100645052,-0.009329744969883378,-0.03480370797556495,-0.03886368490751419,-0.1975445341535307,-0.2247750865051903,-0.14769703960015382,-0.11199794950660001,-0.16070400273399127,0.08526635054893418,0.002733991199965825,-0.10570293476867872,-0.008338673159895766,0.012535349651843308,0.06836344995514547,-0.19139305395360756,0.019630056815754623,-0.02200862915972489,-0.034161220043572985,0.17940450254175744,-0.15313768208808579,-0.08886838395488915,-0.12644709299841944,0.0032807894399589903,0.025569652697680377,0.22393438421120082,-0.014954931863813062,-0.1203366226664958,0.044536716647443284,-0.002604126617967448,-0.15861933444401732,-0.03354607202358067,-0.005283437993933958,-0.08831475073689607,-0.1346148917083173,-0.012323465333845957,0.07205433807509933,0.10454098850869324,0.2014336366354821,12.3,4.8,5.3,400
-0.13082831389636468,0.20459139647144262,0.2077354863514033,0.0909462172668632,-0.21575975052330307,-0.08479473706694007,0.23394079200307574,0.3169379298560383,0.07442607544106969,0.0652398650091845,0.0246879405356914,0.014257764107821777,0.026328335255670895,0.23902601563501216,-0.02491349480968858,-0.17352642146183095,-0.10119184928873509,0.06747490281515657,-0.10174548250672819,0.05957366824725533,-0.09046093382886926,0.05662779272929216,-0.08271690375496604,-0.05066085693536673,0.057864923747276684,-0.11376820880857788,-0.012309795377846128,-0.03957452261950531,-0.022582767311717714,-0.20933487120338332,-0.20301935153146228,-0.12767738903840403,-0.12094493570848819,-0.1663496945619206,0.06565679866717929,0.015344525609808195,-0.11495749498056301,0.009582639155880217,0.0027203212439659958,0.084241103848947,-0.18014951514374813,0.004681959929941475,-0.04162501601947968,-0.036854201375539325,0.21657311290529288,-0.1531103421760861,-0.09953094963475587,-0.10967405698662908,-0.007573155623905336,0.028624887863642184,0.2045777265154428,-0.015392370455807595,-0.125838779956427,0.047920030757401,-0.019534367123755822,-0.14108078089623652,-0.016691016275791358,-0.0015378700499807765,-0.10174548250672819,-0.1378341663462771,-0.018591140159767608,0.09680379341278995,0.12767738903840403,0.19599982912555003,7.7,8.5,4.7,400
-0.12523046691443465,0.1914340638216071,0.18533726344568327,0.07112478106711094,-0.21575975052330307,-0.08182835661497717,0.18535093340168313,0.3188927335640138,0.06841812977914478,0.04560980819342987,0.05203468751334957,-0.005461147421931735,0.027210047417659873,0.23903968559101202,-0.014045879789824427,-0.15863300440001712,-0.08436413345294547,0.09099406211286258,-0.1185116835405186,0.06569780853517877,-0.10008458285274896,0.058281857405271476,-0.0783356828570208,-0.05302575932333717,0.020231534879747104,-0.12044598231449442,-0.014305608953821177,-0.055418001623307275,-0.03278738946559016,-0.19758554402153017,-0.20459139647144262,-0.1346559015763168,-0.12835405186039558,-0.16922038532188471,0.08229997009697126,0.00885129650988936,-0.10121918920073475,0.024660600623691742,-0.028358323721645515,0.0948489897048144,-0.17140074330385752,0.0011277713699859029,-0.049143491819385696,-0.03385364603357683,0.23310008970908624,-0.141121790764236,-0.11852535349651842,-0.119119996582511,-0.03338886752958264,0.002207697893972403,0.19601349908154983,-0.03294459395958819,-0.12829937203639627,0.04638899568542013,-0.00971933871587851,-0.16709470716391137,-0.002761331111965483,-0.006691443461916358,-0.11201161946259984,-0.13534623435430818,0.0018181041479772729,0.0741048314750737,0.13653552052629336,0.2037917040454526,9.0,4.3,5.0,400
-0.16422401640394715,0.18610961595967362,0.17868682985176643,0.07991456277500109,-0.23394079200307571,-0.09846469306676921,0.1952274766115597,0.33685505574778934,0.09897731641676279,0.02878892733564014,0.06615575206117305,-0.01924729804775941,0.02275364176171558,0.2190542099192619,-0.025063864325686705,-0.1587150241360161,-0.08994831047887566,0.07305224486308687,-0.09522491349480969,0.06353112050920587,-0.1035294117647059,0.0867768806869153,-0.0683771199111453,-0.0665453458071682,0.0014148404459823143,-0.12220257166047246,-0.0007518475799906019,-0.05215088213934812,-0.033293177837583836,-0.16920671536588489,-0.2247614165491905,-0.15378700499807765,-0.15175701653210305,-0.15933700713400828,0.09199880387885001,-0.010225127087872186,-0.13143662693835706,0.023314109957708575,-0.03990943654150113,0.0638797043872015,-0.19139305395360762,-0.0027613311119654834,-0.03988209662950147,-0.03168695800760392,0.19216540646759794,-0.12274253492246573,-0.0809534794309881,-0.13208594984834893,-0.03211756162159853,0.04903413217138707,0.19215173651159814,-0.03779059336152762,-0.14108078089623652,0.05506941774531163,-0.02277414669571532,-0.16992438805587595,-0.028371993677645344,-0.021024392327737194,-0.07162373446110472,-0.11909265667051133,0.02278098167371524,0.06698961937716265,0.1339792387543253,0.17868682985176643,19.3,2.9,6.3,400
-0.1102550301166218,0.21253364090734334,0.19677218163954036,0.0448716305694391,-0.2288965782391388,-0.10293476867871332,0.22393438421120082,0.29287197231833906,0.08577897389892777,0.012446494937844419,0.058712461019266096,0.01598701354180016,0.0006356529539920543,0.22229398949122134,-0.004558930325943013,-0.16633602460592078,-0.09202614379084967,0.07826733307702166,-0.12275620487846554,0.06883506343713958,-0.09901832628476227,0.10342005211670725,-0.07395446195907558,-0.03101713016361228,0.02662223930966722,-0.13660387030629245,-0.0016335597419795808,-0.06610107223717374,-0.015412875389807339,-0.19831688666752104,-0.18837199367764537,-0.14769703960015382,-0.0953206031868085,-0.1649280191379384,0.07779571959502757,-0.022528087487718403,-0.11029603998462129,0.00999273783587509,0.012097911059848775,0.05137169464735785,-0.2045777265154428,0.02307488572771156,-0.05337434320133283,-0.055404331667307447,0.1929104190695886,-0.13721218334828483,-0.11141697637660727,-0.11084967320261437,-0.004709299841941133,0.06483660130718955,0.19599982912555003,-0.03850143107351873,-0.1423930966722201,0.054180870605322735,-0.008092613951898843,-0.1621120082019736,-0.023819898329702254,-0.043784869067452686,-0.10063821607074203,-0.1102550301166218,-0.018269896193771628,0.04748942714340639,0.12581144004442738,0.2069357939254133,6.9,7.9,4.7,400
-0.12958434790038023,0.1868546285616643,0.20934854115938314,0.05540433166730745,-0.24936050237088303,-0.1470887265581614,0.21173394848135332,0.30431372549019614,0.07253962151309327,0.03517963176556025,0.06575248835917809,0.016984920329787687,-0.005426972531932163,0.2214669571532317,-0.04413345294544832,-0.138483489256269,-0.08073476013499083,0.04943739587338203,-0.12213422188047332,0.06840445982314496,-0.11199794950660001,0.08374215045495323,-0.061350762527233114,-0.023676363791704045,0.020197359989747535,-0.1227835447904652,-0.04340894527745739,-0.037134435473535815,-0.036895211243538804,-0.2037917040454526,-0.2037917040454526,-0.15932333717800848,-0.10625656798667178,-0.16211200820197366,0.08885471399888932,-0.020757828185740526,-0.12274253492246573,0.007060532273911744,-0.003943782305950702,0.05747533000128155,-0.21253364090734336,0.025685847323678925,-0.05376393694732795,-0.0482959545473963,0.1831022256397112,-0.14711606647016107,-0.10469135802469137,-0.12278354479046522,-0.011291383655858855,0.045274894271434066,0.19677218163954036,-0.03533000128155837,-0.12834038190439578,0.047947370669400656,-0.00930240505788372,-0.15380067495407748,-0.02418215216369772,-0.025234738775684565,-0.11493015506856336,-0.11147165620060659,-0.0015857148959801785,0.041611346063479854,0.11317356572258531,0.19908923918151142,13.9,5.5,5.5,400
-0.1430560895382118,0.18612328591567343,0.19445512409756935,0.07972318339100345,-0.2458883335469264,-0.13588619761630144,0.22394805416720068,0.3023862616942202,0.080721090178991,0.039519842795505994,0.04570549788542867,0.008140458797898244,-0.01719680464778504,0.21173394848135338,-0.04822760476739715,-0.16777136998590286,-0.08221795036097229,0.02276731171771541,-0.11436285189457045,0.072081677987099,-0.09518390362681022,0.0867768806869153,-0.06432397795719595,-0.02921269597163484,0.032876244179589044,-0.11672775428254087,-0.025569652697680374,-0.029363065487632962,-0.02638301507967021,-0.21657311290529288,-0.21575975052330307,-0.15861933444401732,-0.09356401384083046,-0.13653552052629336,0.09788371993677646,-0.012125250971848432,-0.1209175957964885,0.014093724635823831,-0.0106078858558674,0.03075056602161561,-0.2173864752872827,0.03256867016959289,-0.04339527532145756,-0.044509376735443626,0.17940450254175747,-0.14769703960015382,-0.08575163398692812,-0.12705540604041182,0.006267674825921655,0.04943739587338203,0.2069357939254133,-0.032862574223589215,-0.14043145798624462,0.04793370071340083,-0.007470630953906617,-0.1771831346917852,-0.023806228373702425,-0.01430560895382118,-0.0984646930667692,-0.1215259088384809,-0.005700371651928745,0.02980050407962749,0.09680379341278995,0.20536374898543294,15.0,9.3,5.4,400
-0.0838241701909522,0.21256098081934302,0.20776282626340295,0.06882139348113975,-0.18610961595967362,-0.08122004357298476,0.2264154812251698,0.30334999359220816,0.0665453458071682,0.0322474262035969,0.07022256397112223,-0.019705241573753685,0.01153060788585587,0.22228031953522154,-0.018071681831774107,-0.1721184159938485,-0.08938100730488276,0.07492502883506344,-0.12581144004442738,0.08523901063693452,-0.10798581742065018,0.10737750437865777,-0.07729676620103382,-0.029574949805630316,0.01376564569182793,-0.12705540604041182,-0.020593788713742577,-0.06212995001922336,-0.008113118885898586,-0.1990892391815114,-0.17572044939980352,-0.1490503652441369,-0.11141697637660727,-0.1656456918279294,0.08221795036097229,-0.02442137639369473,-0.12957067794438037,0.018584305181767697,-0.03135204408560809,0.048309624503396126,-0.18386090819770173,0.0007176726899910291,-0.06258789354521764,-0.047222863001409716,0.21821350762527236,-0.14179845358622753,-0.10737750437865777,-0.11083600324661454,-0.012993293177837583,0.05435858003332052,0.1952274766115597,-0.05789226365927634,-0.163520013669956,0.049813319663377334,-0.014312443931821092,-0.1642240164039472,-0.012815583749839805,-0.03859712076551754,-0.11552479815455591,-0.1173087274125336,-0.0032739544619590755,0.04597206202742535,0.09356401384083046,0.20696313383741297,10.9,7.9,4.9,400
-0.12095860566448802,0.23141868512110728,0.2077354863514033,0.04900679225938741,-0.23141868512110728,-0.09741210645478235,0.21416036567132302,0.2909991883463625,0.06610107223717374,0.003848092613951899,0.05056516724336793,-0.02397026784570037,-0.003157759835960528,0.23394079200307574,-0.019226793113759667,-0.1677850399419027,-0.09044726387286943,0.039492502883506336,-0.11671408432654104,0.08942201717288224,-0.09900465632876244,0.12220257166047246,-0.07113845102311078,-0.040538254517493266,0.004196676491947542,-0.12456747404844293,-0.015474390191806572,-0.06260156350121747,-0.01535136058780811,-0.2014336366354821,-0.16992438805587595,-0.16705369729591182,-0.10119184928873509,-0.16422401640394715,0.10967405698662908,-0.020272544747746594,-0.14976803793412788,0.009493784441881327,-0.02837199367764535,0.025221068819684736,-0.2069357939254133,0.026608569353667393,-0.0374556794395318,-0.041973599897475324,0.2037917040454526,-0.138483489256269,-0.09093254731086337,-0.10910675381263617,-0.028330983809645858,0.024113802383698577,0.19522747661155967,-0.05056516724336794,-0.14769703960015382,0.06344910077320688,0.0044905805459438675,-0.1684890426758939,-0.001770259301977872,-0.007081037207911488,-0.11849801358451874,-0.09900465632876244,0.02073048827374087,0.0444957067794438,0.08275791362296553,0.21901320005126237,10.7,6.8,4.8,400
